To honour the JVM settings for this build a single-use Daemon process will be forked. For more on this, please refer to https://docs.gradle.org/8.14.3/userguide/gradle_daemon.html#sec:disabling_the_daemon in the Gradle documentation.
Daemon will be stopped at the end of the build 
> Task :expo-gradle-plugin:expo-autolinking-plugin-shared:checkKotlinGradlePluginConfigurationErrors SKIPPED
> Task :gradle-plugin:shared:checkKotlinGradlePluginConfigurationErrors SKIPPED
> Task :gradle-plugin:settings-plugin:checkKotlinGradlePluginConfigurationErrors SKIPPED
> Task :expo-gradle-plugin:expo-autolinking-settings-plugin:checkKotlinGradlePluginConfigurationErrors SKIPPED
> Task :expo-gradle-plugin:expo-autolinking-settings-plugin:pluginDescriptors UP-TO-DATE
> Task :gradle-plugin:settings-plugin:pluginDescriptors UP-TO-DATE
> Task :expo-gradle-plugin:expo-autolinking-settings-plugin:processResources UP-TO-DATE
> Task :gradle-plugin:settings-plugin:processResources UP-TO-DATE
> Task :expo-gradle-plugin:expo-autolinking-plugin-shared:compileKotlin UP-TO-DATE
> Task :gradle-plugin:shared:compileKotlin UP-TO-DATE
> Task :expo-gradle-plugin:expo-autolinking-plugin-shared:compileJava NO-SOURCE
> Task :expo-gradle-plugin:expo-autolinking-plugin-shared:processResources NO-SOURCE
> Task :gradle-plugin:shared:compileJava NO-SOURCE
> Task :expo-gradle-plugin:expo-autolinking-plugin-shared:classes UP-TO-DATE
> Task :gradle-plugin:shared:processResources NO-SOURCE
> Task :gradle-plugin:shared:classes UP-TO-DATE
> Task :gradle-plugin:shared:jar UP-TO-DATE
> Task :expo-gradle-plugin:expo-autolinking-plugin-shared:jar UP-TO-DATE
> Task :gradle-plugin:settings-plugin:compileKotlin UP-TO-DATE
> Task :gradle-plugin:settings-plugin:compileJava NO-SOURCE
> Task :gradle-plugin:settings-plugin:classes UP-TO-DATE
> Task :gradle-plugin:settings-plugin:jar UP-TO-DATE
> Task :expo-gradle-plugin:expo-autolinking-settings-plugin:compileKotlin UP-TO-DATE
> Task :expo-gradle-plugin:expo-autolinking-settings-plugin:compileJava NO-SOURCE
> Task :expo-gradle-plugin:expo-autolinking-settings-plugin:classes UP-TO-DATE
> Task :expo-gradle-plugin:expo-autolinking-settings-plugin:jar UP-TO-DATE
> Task :gradle-plugin:react-native-gradle-plugin:checkKotlinGradlePluginConfigurationErrors SKIPPED
> Task :expo-gradle-plugin:expo-autolinking-plugin:checkKotlinGradlePluginConfigurationErrors SKIPPED
> Task :expo-module-gradle-plugin:checkKotlinGradlePluginConfigurationErrors SKIPPED
> Task :expo-module-gradle-plugin:pluginDescriptors UP-TO-DATE
> Task :expo-module-gradle-plugin:processResources UP-TO-DATE
> Task :expo-gradle-plugin:expo-autolinking-plugin:compileKotlin UP-TO-DATE
> Task :expo-gradle-plugin:expo-autolinking-plugin:compileJava NO-SOURCE
> Task :expo-gradle-plugin:expo-autolinking-plugin:pluginDescriptors UP-TO-DATE
> Task :expo-gradle-plugin:expo-autolinking-plugin:processResources UP-TO-DATE
> Task :expo-gradle-plugin:expo-autolinking-plugin:classes UP-TO-DATE
> Task :expo-gradle-plugin:expo-autolinking-plugin:jar UP-TO-DATE
> Task :gradle-plugin:react-native-gradle-plugin:compileKotlin UP-TO-DATE
> Task :gradle-plugin:react-native-gradle-plugin:compileJava NO-SOURCE
> Task :gradle-plugin:react-native-gradle-plugin:pluginDescriptors UP-TO-DATE
> Task :gradle-plugin:react-native-gradle-plugin:processResources UP-TO-DATE
> Task :gradle-plugin:react-native-gradle-plugin:classes UP-TO-DATE
> Task :gradle-plugin:react-native-gradle-plugin:jar UP-TO-DATE
> Task :expo-module-gradle-plugin:compileKotlin UP-TO-DATE
> Task :expo-module-gradle-plugin:compileJava NO-SOURCE
> Task :expo-module-gradle-plugin:classes UP-TO-DATE
> Task :expo-module-gradle-plugin:jar UP-TO-DATE

> Configure project :
[32m[ExpoRootProject][0m Using the following versions:
  - buildTools:  [32m36.0.0[0m
  - minSdk:      [32m24[0m
  - compileSdk:  [32m36[0m
  - targetSdk:   [32m36[0m
  - ndk:         [32m27.1.12297006[0m
  - kotlin:      [32m2.1.20[0m
  - ksp:         [32m2.1.20-2.0.1[0m

> Configure project :expo

Using expo modules
  - [32mexpo-constants[0m (18.0.13)
  - [32mexpo-modules-core[0m (3.0.30)
  - [33m[📦][0m [32mexpo-application[0m (7.0.8)
  - [33m[📦][0m [32mexpo-asset[0m (12.0.13)
  - [33m[📦][0m [32mexpo-blur[0m (15.0.8)
  - [33m[📦][0m [32mexpo-clipboard[0m (8.0.8)
  - [33m[📦][0m [32mexpo-crypto[0m (15.0.9)
  - [33m[📦][0m [32mexpo-file-system[0m (19.0.23)
  - [33m[📦][0m [32mexpo-font[0m (14.0.12)
  - [33m[📦][0m [32mexpo-haptics[0m (15.0.8)
  - [33m[📦][0m [32mexpo-image[0m (3.0.11)
  - [33m[📦][0m [32mexpo-image-loader[0m (6.0.0)
  - [33m[📦][0m [32mexpo-image-picker[0m (17.0.11)
  - [33m[📦][0m [32mexpo-keep-awake[0m (15.0.8)
  - [33m[📦][0m [32mexpo-linear-gradient[0m (15.0.8)
  - [33m[📦][0m [32mexpo-linking[0m (8.0.12)
  - [33m[📦][0m [32mexpo-location[0m (19.0.8)
  - [33m[📦][0m [32mexpo-secure-store[0m (15.0.8)
  - [33m[📦][0m [32mexpo-splash-screen[0m (31.0.13)
  - [33m[📦][0m [32mexpo-system-ui[0m (6.0.9)
  - [33m[📦][0m [32mexpo-web-browser[0m (15.0.11)


> Task :expo-modules-core:preBuild UP-TO-DATE
> Task :react-native-reanimated:assertMinimalReactNativeVersionTask
> Task :react-native-reanimated:assertNewArchitectureEnabledTask SKIPPED
> Task :react-native-reanimated:assertWorkletsVersionTask

> Task :expo-constants:createExpoConfig
The NODE_ENV environment variable is required but was not specified. Ensure the project is bundled with Expo CLI or NODE_ENV is set. Using only .env.local and .env
env: load .env
env: export EXPO_PUBLIC_CLERK_PUBLISHABLE_KEY EXPO_PUBLIC_ADMIN_USER_ID EXPO_PUBLIC_SUPABASE_URL EXPO_PUBLIC_SUPABASE_ANON_KEY

> Task :expo-constants:preBuild
> Task :react-native-async-storage_async-storage:generateCodegenSchemaFromJavaScript
> Task :react-native-reanimated:generateCodegenSchemaFromJavaScript
> Task :clerk_expo:generateCodegenSchemaFromJavaScript
> Task :react-native-keyboard-controller:generateCodegenSchemaFromJavaScript
> Task :react-native-gesture-handler:generateCodegenSchemaFromJavaScript

> Task :app:createBundleReleaseJsAndAssets
env: load .env
env: export EXPO_PUBLIC_CLERK_PUBLISHABLE_KEY EXPO_PUBLIC_ADMIN_USER_ID EXPO_PUBLIC_SUPABASE_URL EXPO_PUBLIC_SUPABASE_ANON_KEY

> Task :react-native-async-storage_async-storage:generateCodegenArtifactsFromSchema
> Task :react-native-async-storage_async-storage:preBuild
> Task :react-native-safe-area-context:generateCodegenSchemaFromJavaScript
> Task :react-native-reanimated:generateCodegenArtifactsFromSchema
> Task :react-native-keyboard-controller:generateCodegenArtifactsFromSchema
> Task :react-native-keyboard-controller:preBuild
> Task :clerk_expo:generateCodegenArtifactsFromSchema
> Task :clerk_expo:preBuild
> Task :react-native-gesture-handler:generateCodegenArtifactsFromSchema
> Task :react-native-gesture-handler:preBuild
> Task :react-native-reanimated:prepareReanimatedHeadersForPrefabs
> Task :react-native-reanimated:preBuild
> Task :react-native-screens:generateCodegenSchemaFromJavaScript

> Task :app:createBundleReleaseJsAndAssets
React Compiler enabled

> Task :react-native-worklets:assertMinimalReactNativeVersionTask
> Task :react-native-worklets:assertNewArchitectureEnabledTask SKIPPED
> Task :react-native-safe-area-context:generateCodegenArtifactsFromSchema
> Task :react-native-safe-area-context:preBuild
> Task :clerk_expo:preReleaseBuild
> Task :clerk_expo:generateReleaseResValues
> Task :clerk_expo:generateReleaseResources
> Task :react-native-webview:generateCodegenSchemaFromJavaScript
> Task :clerk_expo:packageReleaseResources
> Task :expo-constants:preReleaseBuild
> Task :expo-constants:generateReleaseResValues
> Task :expo-constants:generateReleaseResources
> Task :solana-mobile_mobile-wallet-adapter-protocol:generateCodegenSchemaFromJavaScript
> Task :react-native-svg:generateCodegenSchemaFromJavaScript
> Task :react-native-screens:generateCodegenArtifactsFromSchema
> Task :react-native-screens:preBuild
> Task :expo-modules-core:preReleaseBuild UP-TO-DATE
> Task :expo-modules-core:generateReleaseResValues
> Task :expo-modules-core:generateReleaseResources
> Task :expo-modules-core:packageReleaseResources
> Task :react-native-async-storage_async-storage:preReleaseBuild
> Task :react-native-async-storage_async-storage:generateReleaseResValues
> Task :react-native-async-storage_async-storage:generateReleaseResources
> Task :expo-constants:packageReleaseResources
> Task :react-native-gesture-handler:preReleaseBuild
> Task :react-native-gesture-handler:generateReleaseResValues
> Task :react-native-gesture-handler:generateReleaseResources
> Task :react-native-async-storage_async-storage:packageReleaseResources
> Task :react-native-keyboard-controller:preReleaseBuild
> Task :react-native-keyboard-controller:generateReleaseResValues
> Task :react-native-gesture-handler:packageReleaseResources
> Task :react-native-reanimated:preReleaseBuild
> Task :react-native-reanimated:generateReleaseResValues
> Task :react-native-worklets:generateCodegenSchemaFromJavaScript
> Task :react-native-keyboard-controller:generateReleaseResources
> Task :react-native-reanimated:generateReleaseResources
> Task :react-native-reanimated:packageReleaseResources
> Task :react-native-safe-area-context:preReleaseBuild
> Task :react-native-safe-area-context:generateReleaseResValues
> Task :react-native-safe-area-context:generateReleaseResources
> Task :react-native-safe-area-context:packageReleaseResources
> Task :react-native-screens:preReleaseBuild
> Task :react-native-screens:generateReleaseResValues
> Task :react-native-screens:generateReleaseResources
> Task :react-native-webview:generateCodegenArtifactsFromSchema
> Task :react-native-webview:preBuild
> Task :react-native-webview:preReleaseBuild
> Task :react-native-webview:generateReleaseResValues
> Task :react-native-webview:generateReleaseResources
> Task :react-native-webview:packageReleaseResources
> Task :clerk_expo:extractDeepLinksRelease
> Task :react-native-screens:packageReleaseResources
> Task :expo-constants:extractDeepLinksRelease
> Task :solana-mobile_mobile-wallet-adapter-protocol:generateCodegenArtifactsFromSchema
> Task :solana-mobile_mobile-wallet-adapter-protocol:preBuild
> Task :solana-mobile_mobile-wallet-adapter-protocol:preReleaseBuild
> Task :react-native-keyboard-controller:packageReleaseResources
> Task :solana-mobile_mobile-wallet-adapter-protocol:generateReleaseResValues
> Task :solana-mobile_mobile-wallet-adapter-protocol:generateReleaseResources
> Task :expo-modules-core:extractDeepLinksRelease
> Task :solana-mobile_mobile-wallet-adapter-protocol:packageReleaseResources
> Task :react-native-svg:generateCodegenArtifactsFromSchema
> Task :react-native-svg:preBuild
> Task :react-native-svg:preReleaseBuild
> Task :react-native-async-storage_async-storage:extractDeepLinksRelease
> Task :react-native-svg:generateReleaseResValues
> Task :react-native-svg:generateReleaseResources
> Task :react-native-svg:packageReleaseResources
> Task :react-native-gesture-handler:extractDeepLinksRelease
> Task :react-native-gesture-handler:processReleaseManifest

> Task :react-native-async-storage_async-storage:processReleaseManifest
package="com.reactnativecommunity.asyncstorage" found in source AndroidManifest.xml: /Users/macbookm1/Desktop/priced-ug/node_modules/.pnpm/@react-native-async-storage+async-storage@2.2.0_react-native@0.81.5_@babel+core@7.29.0__088e8303e028f6e6ca5c16cc3d46621a/node_modules/@react-native-async-storage/async-storage/android/src/main/AndroidManifest.xml.
Setting the namespace via the package attribute in the source AndroidManifest.xml is no longer supported, and the value is ignored.
Recommendation: remove package="com.reactnativecommunity.asyncstorage" from the source AndroidManifest.xml: /Users/macbookm1/Desktop/priced-ug/node_modules/.pnpm/@react-native-async-storage+async-storage@2.2.0_react-native@0.81.5_@babel+core@7.29.0__088e8303e028f6e6ca5c16cc3d46621a/node_modules/@react-native-async-storage/async-storage/android/src/main/AndroidManifest.xml.

> Task :react-native-reanimated:extractDeepLinksRelease
> Task :react-native-worklets:generateCodegenArtifactsFromSchema

> Task :expo-modules-core:processReleaseManifest
/Users/macbookm1/Desktop/priced-ug/node_modules/.pnpm/expo-modules-core@3.0.30_react-native@0.81.5_@babel+core@7.29.0_@types+react@19.1.17_react@19.1.0__react@19.1.0/node_modules/expo-modules-core/android/src/main/AndroidManifest.xml:8:9-11:45 Warning:
	meta-data#com.facebook.soloader.enabled@android:value was tagged at AndroidManifest.xml:8 to replace other declarations but no other declaration present

> Task :expo-constants:processReleaseManifest
> Task :clerk_expo:processReleaseManifest
> Task :react-native-screens:extractDeepLinksRelease
> Task :react-native-safe-area-context:extractDeepLinksRelease
> Task :react-native-svg:extractDeepLinksRelease
> Task :react-native-reanimated:processReleaseManifest
> Task :react-native-keyboard-controller:extractDeepLinksRelease

> Task :react-native-safe-area-context:processReleaseManifest
package="com.th3rdwave.safeareacontext" found in source AndroidManifest.xml: /Users/macbookm1/Desktop/priced-ug/node_modules/.pnpm/react-native-safe-area-context@5.6.2_react-native@0.81.5_@babel+core@7.29.0_@types+reac_db7e84308fa9a28cdc0cc9a7b78f5e93/node_modules/react-native-safe-area-context/android/src/main/AndroidManifest.xml.
Setting the namespace via the package attribute in the source AndroidManifest.xml is no longer supported, and the value is ignored.
Recommendation: remove package="com.th3rdwave.safeareacontext" from the source AndroidManifest.xml: /Users/macbookm1/Desktop/priced-ug/node_modules/.pnpm/react-native-safe-area-context@5.6.2_react-native@0.81.5_@babel+core@7.29.0_@types+reac_db7e84308fa9a28cdc0cc9a7b78f5e93/node_modules/react-native-safe-area-context/android/src/main/AndroidManifest.xml.

> Task :react-native-screens:processReleaseManifest
> Task :solana-mobile_mobile-wallet-adapter-protocol:extractDeepLinksRelease
> Task :clerk_expo:writeReleaseAarMetadata
> Task :react-native-webview:extractDeepLinksRelease
> Task :expo-constants:writeReleaseAarMetadata
> Task :react-native-svg:processReleaseManifest

> Task :solana-mobile_mobile-wallet-adapter-protocol:processReleaseManifest
package="com.solanamobile.mobilewalletadapter.reactnative" found in source AndroidManifest.xml: /Users/macbookm1/Desktop/priced-ug/node_modules/.pnpm/@solana-mobile+mobile-wallet-adapter-protocol@2.2.8_react-native@0.81.5_@babel+core@7.2_9fab94de3bc3b39a6127780751f9f88f/node_modules/@solana-mobile/mobile-wallet-adapter-protocol/android/src/main/AndroidManifest.xml.
Setting the namespace via the package attribute in the source AndroidManifest.xml is no longer supported, and the value is ignored.
Recommendation: remove package="com.solanamobile.mobilewalletadapter.reactnative" from the source AndroidManifest.xml: /Users/macbookm1/Desktop/priced-ug/node_modules/.pnpm/@solana-mobile+mobile-wallet-adapter-protocol@2.2.8_react-native@0.81.5_@babel+core@7.2_9fab94de3bc3b39a6127780751f9f88f/node_modules/@solana-mobile/mobile-wallet-adapter-protocol/android/src/main/AndroidManifest.xml.

> Task :expo-modules-core:writeReleaseAarMetadata
> Task :react-native-gesture-handler:writeReleaseAarMetadata
> Task :react-native-async-storage_async-storage:writeReleaseAarMetadata
> Task :react-native-reanimated:writeReleaseAarMetadata

> Task :app:createBundleReleaseJsAndAssets
Starting Metro Bundler
warning: Bundler cache is empty, rebuilding (this may take a minute)

> Task :react-native-screens:writeReleaseAarMetadata
> Task :react-native-safe-area-context:writeReleaseAarMetadata
> Task :react-native-keyboard-controller:writeReleaseAarMetadata
> Task :react-native-webview:writeReleaseAarMetadata
> Task :react-native-svg:writeReleaseAarMetadata

> Task :react-native-keyboard-controller:processReleaseManifest
package="com.reactnativekeyboardcontroller" found in source AndroidManifest.xml: /Users/macbookm1/Desktop/priced-ug/node_modules/.pnpm/react-native-keyboard-controller@1.18.5_react-native-reanimated@4.1.7_react-native-work_fcfe858f08c40f4fabb70307ed883ead/node_modules/react-native-keyboard-controller/android/src/main/AndroidManifest.xml.
Setting the namespace via the package attribute in the source AndroidManifest.xml is no longer supported, and the value is ignored.
Recommendation: remove package="com.reactnativekeyboardcontroller" from the source AndroidManifest.xml: /Users/macbookm1/Desktop/priced-ug/node_modules/.pnpm/react-native-keyboard-controller@1.18.5_react-native-reanimated@4.1.7_react-native-work_fcfe858f08c40f4fabb70307ed883ead/node_modules/react-native-keyboard-controller/android/src/main/AndroidManifest.xml.

> Task :react-native-webview:processReleaseManifest
> Task :solana-mobile_mobile-wallet-adapter-protocol:writeReleaseAarMetadata
> Task :react-native-worklets:prepareWorkletsHeadersForPrefabs
> Task :react-native-worklets:preBuild
> Task :react-native-worklets:preReleaseBuild
> Task :react-native-worklets:generateReleaseResValues
> Task :react-native-worklets:generateReleaseResources
> Task :react-native-worklets:packageReleaseResources
> Task :react-native-worklets:extractDeepLinksRelease
> Task :react-native-worklets:processReleaseManifest
> Task :react-native-worklets:writeReleaseAarMetadata
> Task :expo:generatePackagesList
> Task :expo:preBuild
> Task :expo:preReleaseBuild
> Task :expo:generateReleaseResValues
> Task :expo:generateReleaseResources
> Task :expo:packageReleaseResources
> Task :expo:extractDeepLinksRelease
> Task :expo:processReleaseManifest
> Task :expo:writeReleaseAarMetadata
> Task :react-native-async-storage_async-storage:compileReleaseLibraryResources
> Task :react-native-gesture-handler:compileReleaseLibraryResources
> Task :expo-modules-core:compileReleaseLibraryResources
> Task :expo-constants:compileReleaseLibraryResources
> Task :clerk_expo:compileReleaseLibraryResources
> Task :react-native-keyboard-controller:compileReleaseLibraryResources
> Task :expo:compileReleaseLibraryResources
> Task :clerk_expo:parseReleaseLocalResources
> Task :react-native-async-storage_async-storage:parseReleaseLocalResources
> Task :expo-modules-core:parseReleaseLocalResources
> Task :react-native-gesture-handler:parseReleaseLocalResources
> Task :expo-constants:parseReleaseLocalResources
> Task :expo:parseReleaseLocalResources
> Task :react-native-keyboard-controller:parseReleaseLocalResources
> Task :react-native-async-storage_async-storage:generateReleaseRFile
> Task :expo-constants:generateReleaseRFile
> Task :clerk_expo:generateReleaseRFile
> Task :react-native-gesture-handler:generateReleaseRFile
> Task :react-native-keyboard-controller:generateReleaseRFile
> Task :expo-modules-core:generateReleaseRFile
> Task :react-native-reanimated:compileReleaseLibraryResources
> Task :react-native-safe-area-context:compileReleaseLibraryResources
> Task :react-native-svg:compileReleaseLibraryResources
> Task :react-native-worklets:compileReleaseLibraryResources
> Task :react-native-reanimated:parseReleaseLocalResources
> Task :react-native-safe-area-context:parseReleaseLocalResources
> Task :react-native-svg:parseReleaseLocalResources
> Task :react-native-screens:parseReleaseLocalResources
> Task :react-native-reanimated:generateReleaseRFile
> Task :react-native-safe-area-context:generateReleaseRFile
> Task :react-native-svg:generateReleaseRFile
> Task :solana-mobile_mobile-wallet-adapter-protocol:compileReleaseLibraryResources
> Task :react-native-worklets:parseReleaseLocalResources
> Task :react-native-webview:parseReleaseLocalResources
> Task :react-native-webview:compileReleaseLibraryResources
> Task :clerk_expo:checkKotlinGradlePluginConfigurationErrors SKIPPED
> Task :expo:generateReleaseRFile
> Task :react-native-gesture-handler:checkKotlinGradlePluginConfigurationErrors SKIPPED
> Task :react-native-screens:generateReleaseRFile
> Task :clerk_expo:generateReleaseBuildConfig
> Task :solana-mobile_mobile-wallet-adapter-protocol:parseReleaseLocalResources
> Task :react-native-reanimated:generateReleaseBuildConfig
> Task :react-native-gesture-handler:generateReleaseBuildConfig
> Task :react-native-svg:generateReleaseBuildConfig
> Task :react-native-webview:checkKotlinGradlePluginConfigurationErrors SKIPPED
> Task :react-native-screens:compileReleaseLibraryResources
> Task :react-native-reanimated:javaPreCompileRelease
> Task :react-native-webview:generateReleaseBuildConfig
> Task :react-native-worklets:generateReleaseBuildConfig
> Task :react-native-worklets:generateReleaseRFile
> Task :react-native-webview:generateReleaseRFile
> Task :react-native-keyboard-controller:checkKotlinGradlePluginConfigurationErrors SKIPPED
> Task :react-native-keyboard-controller:generateReleaseBuildConfig
> Task :react-native-svg:javaPreCompileRelease
> Task :react-native-worklets:javaPreCompileRelease
> Task :react-native-gesture-handler:javaPreCompileRelease
> Task :react-native-webview:javaPreCompileRelease
> Task :solana-mobile_mobile-wallet-adapter-protocol:generateReleaseRFile
> Task :react-native-screens:checkKotlinGradlePluginConfigurationErrors SKIPPED
> Task :react-native-safe-area-context:checkKotlinGradlePluginConfigurationErrors SKIPPED
> Task :react-native-safe-area-context:generateReleaseBuildConfig
> Task :react-native-screens:generateReleaseBuildConfig

> Task :app:createBundleReleaseJsAndAssets
Android node_modules/.pnpm/expo-router@6.0.24_@types+react-dom@19.1.11_@types+react@19.1.17__@types+react@19.1.17__4094ee48018c5b5c8f1246009fce9036/node_modules/expo-router/entry.js ░░░░░░░░░░░░░░░░  0.0% (0/1)
Android node_modules/.pnpm/expo-router@6.0.24_@types+react-dom@19.1.11_@types+react@19.1.17__@types+react@19.1.17__4094ee48018c5b5c8f1246009fce9036/node_modules/expo-router/entry.js ▓▓░░░░░░░░░░░░░░ 16.0% ( 63/211)
Android node_modules/.pnpm/expo-router@6.0.24_@types+react-dom@19.1.11_@types+react@19.1.17__@types+react@19.1.17__4094ee48018c5b5c8f1246009fce9036/node_modules/expo-router/entry.js ▓▓▓▓░░░░░░░░░░░░ 28.9% (180/335)
Android node_modules/.pnpm/expo-router@6.0.24_@types+react-dom@19.1.11_@types+react@19.1.17__@types+react@19.1.17__4094ee48018c5b5c8f1246009fce9036/node_modules/expo-router/entry.js ▓▓▓▓▓▓▓▓▓░░░░░░░ 59.8% (475/614)
Android node_modules/.pnpm/expo-router@6.0.24_@types+react-dom@19.1.11_@types+react@19.1.17__@types+react@19.1.17__4094ee48018c5b5c8f1246009fce9036/node_modules/expo-router/entry.js ▓▓▓▓▓▓▓▓▓▓░░░░░░ 66.2% (552/706)
Android node_modules/.pnpm/expo-router@6.0.24_@types+react-dom@19.1.11_@types+react@19.1.17__@types+react@19.1.17__4094ee48018c5b5c8f1246009fce9036/node_modules/expo-router/entry.js ▓▓▓▓▓▓▓▓▓▓▓░░░░░ 72.8% (647/760)
Android node_modules/.pnpm/expo-router@6.0.24_@types+react-dom@19.1.11_@types+react@19.1.17__@types+react@19.1.17__4094ee48018c5b5c8f1246009fce9036/node_modules/expo-router/entry.js ▓▓▓▓▓▓▓▓▓▓▓▓░░░░ 75.1% ( 911/1106)

> Task :clerk_expo:compileReleaseKotlin
> Task :react-native-webview:compileReleaseKotlin
> Task :react-native-svg:compileReleaseJavaWithJavac
> Task :react-native-worklets:compileReleaseJavaWithJavac
> Task :react-native-keyboard-controller:compileReleaseKotlin
> Task :react-native-safe-area-context:compileReleaseKotlin
> Task :react-native-screens:compileReleaseKotlin

> Task :app:createBundleReleaseJsAndAssets
Android node_modules/.pnpm/expo-router@6.0.24_@types+react-dom@19.1.11_@types+react@19.1.17__@types+react@19.1.17__4094ee48018c5b5c8f1246009fce9036/node_modules/expo-router/entry.js ▓▓▓▓▓▓▓▓▓▓▓▓▓░░░ 83.3% (1111/1217)
Android node_modules/.pnpm/expo-router@6.0.24_@types+react-dom@19.1.11_@types+react@19.1.17__@types+react@19.1.17__4094ee48018c5b5c8f1246009fce9036/node_modules/expo-router/entry.js ▓▓▓▓▓▓▓▓▓▓▓▓▓░░░ 83.3% (1231/1380)
Android node_modules/.pnpm/expo-router@6.0.24_@types+react-dom@19.1.11_@types+react@19.1.17__@types+react@19.1.17__4094ee48018c5b5c8f1246009fce9036/node_modules/expo-router/entry.js ▓▓▓▓▓▓▓▓▓▓▓▓▓░░░ 83.3% (1324/1468)
Android node_modules/.pnpm/expo-router@6.0.24_@types+react-dom@19.1.11_@types+react@19.1.17__@types+react@19.1.17__4094ee48018c5b5c8f1246009fce9036/node_modules/expo-router/entry.js ▓▓▓▓▓▓▓▓▓▓▓▓▓░░░ 83.3% (1397/1643)
Android node_modules/.pnpm/expo-router@6.0.24_@types+react-dom@19.1.11_@types+react@19.1.17__@types+react@19.1.17__4094ee48018c5b5c8f1246009fce9036/node_modules/expo-router/entry.js ▓▓▓▓▓▓▓▓▓▓▓▓▓░░░ 83.3% (1478/1705)
Android node_modules/.pnpm/expo-router@6.0.24_@types+react-dom@19.1.11_@types+react@19.1.17__@types+react@19.1.17__4094ee48018c5b5c8f1246009fce9036/node_modules/expo-router/entry.js ▓▓▓▓▓▓▓▓▓▓▓▓▓░░░ 83.3% (1570/1800)
Android node_modules/.pnpm/expo-router@6.0.24_@types+react-dom@19.1.11_@types+react@19.1.17__@types+react@19.1.17__4094ee48018c5b5c8f1246009fce9036/node_modules/expo-router/entry.js ▓▓▓▓▓▓▓▓▓▓▓▓▓░░░ 83.3% (1599/1811)
Android node_modules/.pnpm/expo-router@6.0.24_@types+react-dom@19.1.11_@types+react@19.1.17__@types+react@19.1.17__4094ee48018c5b5c8f1246009fce9036/node_modules/expo-router/entry.js ▓▓▓▓▓▓▓▓▓▓▓▓▓░░░ 83.3% (1619/1819)

> Task :react-native-worklets:compileReleaseJavaWithJavac
Note: /Users/macbookm1/Desktop/priced-ug/node_modules/.pnpm/react-native-worklets@0.5.1_@babel+core@7.29.0_react-native@0.81.5_@babel+core@7.29.0_@_e33ee53926cb739c160046f5657a922f/node_modules/react-native-worklets/android/src/main/java/com/swmansion/worklets/WorkletsPackage.java uses unchecked or unsafe operations.
Note: Recompile with -Xlint:unchecked for details.

> Task :react-native-svg:compileReleaseJavaWithJavac
Note: Some input files use or override a deprecated API.
Note: Recompile with -Xlint:deprecation for details.
Note: Some input files use unchecked or unsafe operations.
Note: Recompile with -Xlint:unchecked for details.

> Task :clerk_expo:javaPreCompileRelease

> Task :app:createBundleReleaseJsAndAssets
Android node_modules/.pnpm/expo-router@6.0.24_@types+react-dom@19.1.11_@types+react@19.1.17__@types+react@19.1.17__4094ee48018c5b5c8f1246009fce9036/node_modules/expo-router/entry.js ▓▓▓▓▓▓▓▓▓▓▓▓▓░░░ 83.3% (1762/1962)
Android node_modules/.pnpm/expo-router@6.0.24_@types+react-dom@19.1.11_@types+react@19.1.17__@types+react@19.1.17__4094ee48018c5b5c8f1246009fce9036/node_modules/expo-router/entry.js ▓▓▓▓▓▓▓▓▓▓▓▓▓▓░░ 89.0% (1913/2028)
Android node_modules/.pnpm/expo-router@6.0.24_@types+react-dom@19.1.11_@types+react@19.1.17__@types+react@19.1.17__4094ee48018c5b5c8f1246009fce9036/node_modules/expo-router/entry.js ▓▓▓▓▓▓▓▓▓▓▓▓▓▓▓░ 95.8% (2078/2128)
Android node_modules/.pnpm/expo-router@6.0.24_@types+react-dom@19.1.11_@types+react@19.1.17__@types+react@19.1.17__4094ee48018c5b5c8f1246009fce9036/node_modules/expo-router/entry.js ▓▓▓▓▓▓▓▓▓▓▓▓▓▓▓░ 99.8% (2183/2185)
Android node_modules/.pnpm/expo-router@6.0.24_@types+react-dom@19.1.11_@types+react@19.1.17__@types+react@19.1.17__4094ee48018c5b5c8f1246009fce9036/node_modules/expo-router/entry.js ▓▓▓▓▓▓▓▓▓▓▓▓▓▓▓░ 99.9% (2243/2243)

> Task :react-native-worklets:bundleLibCompileToJarRelease
> Task :react-native-svg:bundleLibCompileToJarRelease
> Task :react-native-keyboard-controller:javaPreCompileRelease
> Task :react-native-safe-area-context:javaPreCompileRelease
> Task :react-native-screens:javaPreCompileRelease
> Task :solana-mobile_mobile-wallet-adapter-protocol:checkKotlinGradlePluginConfigurationErrors SKIPPED
> Task :solana-mobile_mobile-wallet-adapter-protocol:generateReleaseBuildConfig

> Task :react-native-reanimated:compileReleaseJavaWithJavac
Note: Some input files use or override a deprecated API.
Note: Recompile with -Xlint:deprecation for details.
Note: Some input files use unchecked or unsafe operations.
Note: Recompile with -Xlint:unchecked for details.

> Task :react-native-reanimated:bundleLibCompileToJarRelease

> Task :app:createBundleReleaseJsAndAssets
Android Bundled 75316ms node_modules/.pnpm/expo-router@6.0.24_@types+react-dom@19.1.11_@types+react@19.1.17__@types+react@19.1.17__4094ee48018c5b5c8f1246009fce9036/node_modules/expo-router/entry.js (2243 modules)
Android node_modules/.pnpm/expo-router@6.0.24_@types+react-dom@19.1.11_@types+react@19.1.17__@types+react@19.1.17__4094ee48018c5b5c8f1246009fce9036/node_modules/expo-router/entry.js ▓▓▓▓▓▓▓▓▓▓▓▓▓▓▓░ 99.9% (2243/2243)
Writing bundle output to: /Users/macbookm1/Desktop/priced-ug/artifacts/pricedug/android/app/build/generated/assets/createBundleReleaseJsAndAssets/index.android.bundle
Writing sourcemap output to: /Users/macbookm1/Desktop/priced-ug/artifacts/pricedug/android/app/build/intermediates/sourcemaps/react/release/index.android.bundle.packager.map
Copying 63 asset files
Done writing bundle output
Done writing sourcemap output

> Task :react-native-webview:compileReleaseKotlin
w: file:///Users/macbookm1/Desktop/priced-ug/node_modules/.pnpm/react-native-webview@13.15.0_react-native@0.81.5_@babel+core@7.29.0_@types+react@19.1.17_react@19.1.0__react@19.1.0/node_modules/react-native-webview/android/src/main/java/com/reactnativecommunity/webview/RNCWebViewManagerImpl.kt:22:8 'object MapBuilder : Any' is deprecated. Use Kotlin's built-in collections extensions.
w: file:///Users/macbookm1/Desktop/priced-ug/node_modules/.pnpm/react-native-webview@13.15.0_react-native@0.81.5_@babel+core@7.29.0_@types+react@19.1.17_react@19.1.0__react@19.1.0/node_modules/react-native-webview/android/src/main/java/com/reactnativecommunity/webview/RNCWebViewManagerImpl.kt:82:18 'var allowFileAccessFromFileURLs: Boolean' is deprecated. Deprecated in Java.
w: file:///Users/macbookm1/Desktop/priced-ug/node_modules/.pnpm/react-native-webview@13.15.0_react-native@0.81.5_@babel+core@7.29.0_@types+react@19.1.17_react@19.1.0__react@19.1.0/node_modules/react-native-webview/android/src/main/java/com/reactnativecommunity/webview/RNCWebViewManagerImpl.kt:83:18 'var allowUniversalAccessFromFileURLs: Boolean' is deprecated. Deprecated in Java.
w: file:///Users/macbookm1/Desktop/priced-ug/node_modules/.pnpm/react-native-webview@13.15.0_react-native@0.81.5_@babel+core@7.29.0_@types+react@19.1.17_react@19.1.0__react@19.1.0/node_modules/react-native-webview/android/src/main/java/com/reactnativecommunity/webview/RNCWebViewManagerImpl.kt:125:21 'fun allowScanningByMediaScanner(): Unit' is deprecated. Deprecated in Java.
w: file:///Users/macbookm1/Desktop/priced-ug/node_modules/.pnpm/react-native-webview@13.15.0_react-native@0.81.5_@babel+core@7.29.0_@types+react@19.1.17_react@19.1.0__react@19.1.0/node_modules/react-native-webview/android/src/main/java/com/reactnativecommunity/webview/RNCWebViewManagerImpl.kt:162:36 'var systemUiVisibility: Int' is deprecated. Deprecated in Java.
w: file:///Users/macbookm1/Desktop/priced-ug/node_modules/.pnpm/react-native-webview@13.15.0_react-native@0.81.5_@babel+core@7.29.0_@types+react@19.1.17_react@19.1.0__react@19.1.0/node_modules/react-native-webview/android/src/main/java/com/reactnativecommunity/webview/RNCWebViewManagerImpl.kt:301:14 'object MapBuilder : Any' is deprecated. Use Kotlin's built-in collections extensions.
w: file:///Users/macbookm1/Desktop/priced-ug/node_modules/.pnpm/react-native-webview@13.15.0_react-native@0.81.5_@babel+core@7.29.0_@types+react@19.1.17_react@19.1.0__react@19.1.0/node_modules/react-native-webview/android/src/main/java/com/reactnativecommunity/webview/RNCWebViewManagerImpl.kt:351:34 Condition is always 'true'.
w: file:///Users/macbookm1/Desktop/priced-ug/node_modules/.pnpm/react-native-webview@13.15.0_react-native@0.81.5_@babel+core@7.29.0_@types+react@19.1.17_react@19.1.0__react@19.1.0/node_modules/react-native-webview/android/src/main/java/com/reactnativecommunity/webview/RNCWebViewManagerImpl.kt:370:38 'var allowUniversalAccessFromFileURLs: Boolean' is deprecated. Deprecated in Java.
w: file:///Users/macbookm1/Desktop/priced-ug/node_modules/.pnpm/react-native-webview@13.15.0_react-native@0.81.5_@babel+core@7.29.0_@types+react@19.1.17_react@19.1.0__react@19.1.0/node_modules/react-native-webview/android/src/main/java/com/reactnativecommunity/webview/RNCWebViewManagerImpl.kt:431:51 Unchecked cast of 'Any?' to 'HashMap<String, String>'.
w: file:///Users/macbookm1/Desktop/priced-ug/node_modules/.pnpm/react-native-webview@13.15.0_react-native@0.81.5_@babel+core@7.29.0_@types+react@19.1.17_react@19.1.0__react@19.1.0/node_modules/react-native-webview/android/src/main/java/com/reactnativecommunity/webview/RNCWebViewManagerImpl.kt:487:23 'var savePassword: Boolean' is deprecated. Deprecated in Java.
w: file:///Users/macbookm1/Desktop/priced-ug/node_modules/.pnpm/react-native-webview@13.15.0_react-native@0.81.5_@babel+core@7.29.0_@types+react@19.1.17_react@19.1.0__react@19.1.0/node_modules/react-native-webview/android/src/main/java/com/reactnativecommunity/webview/RNCWebViewManagerImpl.kt:488:23 'var saveFormData: Boolean' is deprecated. Deprecated in Java.
w: file:///Users/macbookm1/Desktop/priced-ug/node_modules/.pnpm/react-native-webview@13.15.0_react-native@0.81.5_@babel+core@7.29.0_@types+react@19.1.17_react@19.1.0__react@19.1.0/node_modules/react-native-webview/android/src/main/java/com/reactnativecommunity/webview/RNCWebViewManagerImpl.kt:558:23 'var allowFileAccessFromFileURLs: Boolean' is deprecated. Deprecated in Java.
w: file:///Users/macbookm1/Desktop/priced-ug/node_modules/.pnpm/react-native-webview@13.15.0_react-native@0.81.5_@babel+core@7.29.0_@types+react@19.1.17_react@19.1.0__react@19.1.0/node_modules/react-native-webview/android/src/main/java/com/reactnativecommunity/webview/RNCWebViewManagerImpl.kt:603:52 'static field FORCE_DARK_ON: Int' is deprecated. Deprecated in Java.
w: file:///Users/macbookm1/Desktop/priced-ug/node_modules/.pnpm/react-native-webview@13.15.0_react-native@0.81.5_@babel+core@7.29.0_@types+react@19.1.17_react@19.1.0__react@19.1.0/node_modules/react-native-webview/android/src/main/java/com/reactnativecommunity/webview/RNCWebViewManagerImpl.kt:603:89 'static field FORCE_DARK_OFF: Int' is deprecated. Deprecated in Java.
w: file:///Users/macbookm1/Desktop/priced-ug/node_modules/.pnpm/react-native-webview@13.15.0_react-native@0.81.5_@babel+core@7.29.0_@types+react@19.1.17_react@19.1.0__react@19.1.0/node_modules/react-native-webview/android/src/main/java/com/reactnativecommunity/webview/RNCWebViewManagerImpl.kt:604:35 'static fun setForceDark(p0: @NonNull() WebSettings, p1: Int): Unit' is deprecated. Deprecated in Java.
w: file:///Users/macbookm1/Desktop/priced-ug/node_modules/.pnpm/react-native-webview@13.15.0_react-native@0.81.5_@babel+core@7.29.0_@types+react@19.1.17_react@19.1.0__react@19.1.0/node_modules/react-native-webview/android/src/main/java/com/reactnativecommunity/webview/RNCWebViewManagerImpl.kt:613:35 'static fun setForceDarkStrategy(p0: @NonNull() WebSettings, p1: Int): Unit' is deprecated. Deprecated in Java.
w: file:///Users/macbookm1/Desktop/priced-ug/node_modules/.pnpm/react-native-webview@13.15.0_react-native@0.81.5_@babel+core@7.29.0_@types+react@19.1.17_react@19.1.0__react@19.1.0/node_modules/react-native-webview/android/src/main/java/com/reactnativecommunity/webview/RNCWebViewManagerImpl.kt:615:39 'static field DARK_STRATEGY_PREFER_WEB_THEME_OVER_USER_AGENT_DARKENING: Int' is deprecated. Deprecated in Java.
w: file:///Users/macbookm1/Desktop/priced-ug/node_modules/.pnpm/react-native-webview@13.15.0_react-native@0.81.5_@babel+core@7.29.0_@types+react@19.1.17_react@19.1.0__react@19.1.0/node_modules/react-native-webview/android/src/main/java/com/reactnativecommunity/webview/RNCWebViewManagerImpl.kt:659:65 Unchecked cast of 'ArrayList<Any?>' to 'List<Map<String, String>>'.
w: file:///Users/macbookm1/Desktop/priced-ug/node_modules/.pnpm/react-native-webview@13.15.0_react-native@0.81.5_@babel+core@7.29.0_@types+react@19.1.17_react@19.1.0__react@19.1.0/node_modules/react-native-webview/android/src/main/java/com/reactnativecommunity/webview/RNCWebViewManagerImpl.kt:680:23 'var saveFormData: Boolean' is deprecated. Deprecated in Java.
w: file:///Users/macbookm1/Desktop/priced-ug/node_modules/.pnpm/react-native-webview@13.15.0_react-native@0.81.5_@babel+core@7.29.0_@types+react@19.1.17_react@19.1.0__react@19.1.0/node_modules/react-native-webview/android/src/main/java/com/reactnativecommunity/webview/events/TopCustomMenuSelectionEvent.kt:5:8 'interface RCTEventEmitter : JavaScriptModule' is deprecated. Use [RCTModernEventEmitter] instead.
w: file:///Users/macbookm1/Desktop/priced-ug/node_modules/.pnpm/react-native-webview@13.15.0_react-native@0.81.5_@babel+core@7.29.0_@types+react@19.1.17_react@19.1.0__react@19.1.0/node_modules/react-native-webview/android/src/main/java/com/reactnativecommunity/webview/events/TopCustomMenuSelectionEvent.kt:11:3 'constructor<T : Event<T>>(viewTag: Int): Event<T>' is deprecated. Use constructor with explicit surfaceId instead.
w: file:///Users/macbookm1/Desktop/priced-ug/node_modules/.pnpm/react-native-webview@13.15.0_react-native@0.81.5_@babel+core@7.29.0_@types+react@19.1.17_react@19.1.0__react@19.1.0/node_modules/react-native-webview/android/src/main/java/com/reactnativecommunity/webview/events/TopCustomMenuSelectionEvent.kt:22:16 This declaration overrides a deprecated member but is not marked as deprecated itself. Add the '@Deprecated' annotation or suppress the diagnostic.
w: file:///Users/macbookm1/Desktop/priced-ug/node_modules/.pnpm/react-native-webview@13.15.0_react-native@0.81.5_@babel+core@7.29.0_@types+react@19.1.17_react@19.1.0__react@19.1.0/node_modules/react-native-webview/android/src/main/java/com/reactnativecommunity/webview/events/TopCustomMenuSelectionEvent.kt:22:42 'interface RCTEventEmitter : JavaScriptModule' is deprecated. Use [RCTModernEventEmitter] instead.
w: file:///Users/macbookm1/Desktop/priced-ug/node_modules/.pnpm/react-native-webview@13.15.0_react-native@0.81.5_@babel+core@7.29.0_@types+react@19.1.17_react@19.1.0__react@19.1.0/node_modules/react-native-webview/android/src/main/java/com/reactnativecommunity/webview/events/TopCustomMenuSelectionEvent.kt:23:21 'fun receiveEvent(targetTag: Int, eventName: String, params: WritableMap?): Unit' is deprecated. Use [RCTModernEventEmitter.receiveEvent] instead.
w: file:///Users/macbookm1/Desktop/priced-ug/node_modules/.pnpm/react-native-webview@13.15.0_react-native@0.81.5_@babel+core@7.29.0_@types+react@19.1.17_react@19.1.0__react@19.1.0/node_modules/react-native-webview/android/src/main/java/com/reactnativecommunity/webview/events/TopHttpErrorEvent.kt:5:8 'interface RCTEventEmitter : JavaScriptModule' is deprecated. Use [RCTModernEventEmitter] instead.
w: file:///Users/macbookm1/Desktop/priced-ug/node_modules/.pnpm/react-native-webview@13.15.0_react-native@0.81.5_@babel+core@7.29.0_@types+react@19.1.17_react@19.1.0__react@19.1.0/node_modules/react-native-webview/android/src/main/java/com/reactnativecommunity/webview/events/TopHttpErrorEvent.kt:11:3 'constructor<T : Event<T>>(viewTag: Int): Event<T>' is deprecated. Use constructor with explicit surfaceId instead.
w: file:///Users/macbookm1/Desktop/priced-ug/node_modules/.pnpm/react-native-webview@13.15.0_react-native@0.81.5_@babel+core@7.29.0_@types+react@19.1.17_react@19.1.0__react@19.1.0/node_modules/react-native-webview/android/src/main/java/com/reactnativecommunity/webview/events/TopHttpErrorEvent.kt:22:16 This declaration overrides a deprecated member but is not marked as deprecated itself. Add the '@Deprecated' annotation or suppress the diagnostic.
w: file:///Users/macbookm1/Desktop/priced-ug/node_modules/.pnpm/react-native-webview@13.15.0_react-native@0.81.5_@babel+core@7.29.0_@types+react@19.1.17_react@19.1.0__react@19.1.0/node_modules/react-native-webview/android/src/main/java/com/reactnativecommunity/webview/events/TopHttpErrorEvent.kt:22:42 'interface RCTEventEmitter : JavaScriptModule' is deprecated. Use [RCTModernEventEmitter] instead.
w: file:///Users/macbookm1/Desktop/priced-ug/node_modules/.pnpm/react-native-webview@13.15.0_react-native@0.81.5_@babel+core@7.29.0_@types+react@19.1.17_react@19.1.0__react@19.1.0/node_modules/react-native-webview/android/src/main/java/com/reactnativecommunity/webview/events/TopHttpErrorEvent.kt:23:21 'fun receiveEvent(targetTag: Int, eventName: String, params: WritableMap?): Unit' is deprecated. Use [RCTModernEventEmitter.receiveEvent] instead.
w: file:///Users/macbookm1/Desktop/priced-ug/node_modules/.pnpm/react-native-webview@13.15.0_react-native@0.81.5_@babel+core@7.29.0_@types+react@19.1.17_react@19.1.0__react@19.1.0/node_modules/react-native-webview/android/src/main/java/com/reactnativecommunity/webview/events/TopLoadingErrorEvent.kt:5:8 'interface RCTEventEmitter : JavaScriptModule' is deprecated. Use [RCTModernEventEmitter] instead.
w: file:///Users/macbookm1/Desktop/priced-ug/node_modules/.pnpm/react-native-webview@13.15.0_react-native@0.81.5_@babel+core@7.29.0_@types+react@19.1.17_react@19.1.0__react@19.1.0/node_modules/react-native-webview/android/src/main/java/com/reactnativecommunity/webview/events/TopLoadingErrorEvent.kt:11:3 'constructor<T : Event<T>>(viewTag: Int): Event<T>' is deprecated. Use constructor with explicit surfaceId instead.
w: file:///Users/macbookm1/Desktop/priced-ug/node_modules/.pnpm/react-native-webview@13.15.0_react-native@0.81.5_@babel+core@7.29.0_@types+react@19.1.17_react@19.1.0__react@19.1.0/node_modules/react-native-webview/android/src/main/java/com/reactnativecommunity/webview/events/TopLoadingErrorEvent.kt:22:16 This declaration overrides a deprecated member but is not marked as deprecated itself. Add the '@Deprecated' annotation or suppress the diagnostic.
w: file:///Users/macbookm1/Desktop/priced-ug/node_modules/.pnpm/react-native-webview@13.15.0_react-native@0.81.5_@babel+core@7.29.0_@types+react@19.1.17_react@19.1.0__react@19.1.0/node_modules/react-native-webview/android/src/main/java/com/reactnativecommunity/webview/events/TopLoadingErrorEvent.kt:22:42 'interface RCTEventEmitter : JavaScriptModule' is deprecated. Use [RCTModernEventEmitter] instead.
w: file:///Users/macbookm1/Desktop/priced-ug/node_modules/.pnpm/react-native-webview@13.15.0_react-native@0.81.5_@babel+core@7.29.0_@types+react@19.1.17_react@19.1.0__react@19.1.0/node_modules/react-native-webview/android/src/main/java/com/reactnativecommunity/webview/events/TopLoadingErrorEvent.kt:23:21 'fun receiveEvent(targetTag: Int, eventName: String, params: WritableMap?): Unit' is deprecated. Use [RCTModernEventEmitter.receiveEvent] instead.
w: file:///Users/macbookm1/Desktop/priced-ug/node_modules/.pnpm/react-native-webview@13.15.0_react-native@0.81.5_@babel+core@7.29.0_@types+react@19.1.17_react@19.1.0__react@19.1.0/node_modules/react-native-webview/android/src/main/java/com/reactnativecommunity/webview/events/TopLoadingFinishEvent.kt:5:8 'interface RCTEventEmitter : JavaScriptModule' is deprecated. Use [RCTModernEventEmitter] instead.
w: file:///Users/macbookm1/Desktop/priced-ug/node_modules/.pnpm/react-native-webview@13.15.0_react-native@0.81.5_@babel+core@7.29.0_@types+react@19.1.17_react@19.1.0__react@19.1.0/node_modules/react-native-webview/android/src/main/java/com/reactnativecommunity/webview/events/TopLoadingFinishEvent.kt:11:3 'constructor<T : Event<T>>(viewTag: Int): Event<T>' is deprecated. Use constructor with explicit surfaceId instead.
w: file:///Users/macbookm1/Desktop/priced-ug/node_modules/.pnpm/react-native-webview@13.15.0_react-native@0.81.5_@babel+core@7.29.0_@types+react@19.1.17_react@19.1.0__react@19.1.0/node_modules/react-native-webview/android/src/main/java/com/reactnativecommunity/webview/events/TopLoadingFinishEvent.kt:22:16 This declaration overrides a deprecated member but is not marked as deprecated itself. Add the '@Deprecated' annotation or suppress the diagnostic.
w: file:///Users/macbookm1/Desktop/priced-ug/node_modules/.pnpm/react-native-webview@13.15.0_react-native@0.81.5_@babel+core@7.29.0_@types+react@19.1.17_react@19.1.0__react@19.1.0/node_modules/react-native-webview/android/src/main/java/com/reactnativecommunity/webview/events/TopLoadingFinishEvent.kt:22:42 'interface RCTEventEmitter : JavaScriptModule' is deprecated. Use [RCTModernEventEmitter] instead.
w: file:///Users/macbookm1/Desktop/priced-ug/node_modules/.pnpm/react-native-webview@13.15.0_react-native@0.81.5_@babel+core@7.29.0_@types+react@19.1.17_react@19.1.0__react@19.1.0/node_modules/react-native-webview/android/src/main/java/com/reactnativecommunity/webview/events/TopLoadingFinishEvent.kt:23:21 'fun receiveEvent(targetTag: Int, eventName: String, params: WritableMap?): Unit' is deprecated. Use [RCTModernEventEmitter.receiveEvent] instead.
w: file:///Users/macbookm1/Desktop/priced-ug/node_modules/.pnpm/react-native-webview@13.15.0_react-native@0.81.5_@babel+core@7.29.0_@types+react@19.1.17_react@19.1.0__react@19.1.0/node_modules/react-native-webview/android/src/main/java/com/reactnativecommunity/webview/events/TopLoadingProgressEvent.kt:5:8 'interface RCTEventEmitter : JavaScriptModule' is deprecated. Use [RCTModernEventEmitter] instead.
w: file:///Users/macbookm1/Desktop/priced-ug/node_modules/.pnpm/react-native-webview@13.15.0_react-native@0.81.5_@babel+core@7.29.0_@types+react@19.1.17_react@19.1.0__react@19.1.0/node_modules/react-native-webview/android/src/main/java/com/reactnativecommunity/webview/events/TopLoadingProgressEvent.kt:11:3 'constructor<T : Event<T>>(viewTag: Int): Event<T>' is deprecated. Use constructor with explicit surfaceId instead.
w: file:///Users/macbookm1/Desktop/priced-ug/node_modules/.pnpm/react-native-webview@13.15.0_react-native@0.81.5_@babel+core@7.29.0_@types+react@19.1.17_react@19.1.0__react@19.1.0/node_modules/react-native-webview/android/src/main/java/com/reactnativecommunity/webview/events/TopLoadingProgressEvent.kt:22:16 This declaration overrides a deprecated member but is not marked as deprecated itself. Add the '@Deprecated' annotation or suppress the diagnostic.
w: file:///Users/macbookm1/Desktop/priced-ug/node_modules/.pnpm/react-native-webview@13.15.0_react-native@0.81.5_@babel+core@7.29.0_@types+react@19.1.17_react@19.1.0__react@19.1.0/node_modules/react-native-webview/android/src/main/java/com/reactnativecommunity/webview/events/TopLoadingProgressEvent.kt:22:42 'interface RCTEventEmitter : JavaScriptModule' is deprecated. Use [RCTModernEventEmitter] instead.
w: file:///Users/macbookm1/Desktop/priced-ug/node_modules/.pnpm/react-native-webview@13.15.0_react-native@0.81.5_@babel+core@7.29.0_@types+react@19.1.17_react@19.1.0__react@19.1.0/node_modules/react-native-webview/android/src/main/java/com/reactnativecommunity/webview/events/TopLoadingProgressEvent.kt:23:21 'fun receiveEvent(targetTag: Int, eventName: String, params: WritableMap?): Unit' is deprecated. Use [RCTModernEventEmitter.receiveEvent] instead.
w: file:///Users/macbookm1/Desktop/priced-ug/node_modules/.pnpm/react-native-webview@13.15.0_react-native@0.81.5_@babel+core@7.29.0_@types+react@19.1.17_react@19.1.0__react@19.1.0/node_modules/react-native-webview/android/src/main/java/com/reactnativecommunity/webview/events/TopLoadingStartEvent.kt:5:8 'interface RCTEventEmitter : JavaScriptModule' is deprecated. Use [RCTModernEventEmitter] instead.
w: file:///Users/macbookm1/Desktop/priced-ug/node_modules/.pnpm/react-native-webview@13.15.0_react-native@0.81.5_@babel+core@7.29.0_@types+react@19.1.17_react@19.1.0__react@19.1.0/node_modules/react-native-webview/android/src/main/java/com/reactnativecommunity/webview/events/TopLoadingStartEvent.kt:11:3 'constructor<T : Event<T>>(viewTag: Int): Event<T>' is deprecated. Use constructor with explicit surfaceId instead.
w: file:///Users/macbookm1/Desktop/priced-ug/node_modules/.pnpm/react-native-webview@13.15.0_react-native@0.81.5_@babel+core@7.29.0_@types+react@19.1.17_react@19.1.0__react@19.1.0/node_modules/react-native-webview/android/src/main/java/com/reactnativecommunity/webview/events/TopLoadingStartEvent.kt:22:16 This declaration overrides a deprecated member but is not marked as deprecated itself. Add the '@Deprecated' annotation or suppress the diagnostic.
w: file:///Users/macbookm1/Desktop/priced-ug/node_modules/.pnpm/react-native-webview@13.15.0_react-native@0.81.5_@babel+core@7.29.0_@types+react@19.1.17_react@19.1.0__react@19.1.0/node_modules/react-native-webview/android/src/main/java/com/reactnativecommunity/webview/events/TopLoadingStartEvent.kt:22:42 'interface RCTEventEmitter : JavaScriptModule' is deprecated. Use [RCTModernEventEmitter] instead.
w: file:///Users/macbookm1/Desktop/priced-ug/node_modules/.pnpm/react-native-webview@13.15.0_react-native@0.81.5_@babel+core@7.29.0_@types+react@19.1.17_react@19.1.0__react@19.1.0/node_modules/react-native-webview/android/src/main/java/com/reactnativecommunity/webview/events/TopLoadingStartEvent.kt:23:21 'fun receiveEvent(targetTag: Int, eventName: String, params: WritableMap?): Unit' is deprecated. Use [RCTModernEventEmitter.receiveEvent] instead.
w: file:///Users/macbookm1/Desktop/priced-ug/node_modules/.pnpm/react-native-webview@13.15.0_react-native@0.81.5_@babel+core@7.29.0_@types+react@19.1.17_react@19.1.0__react@19.1.0/node_modules/react-native-webview/android/src/main/java/com/reactnativecommunity/webview/events/TopMessageEvent.kt:5:8 'interface RCTEventEmitter : JavaScriptModule' is deprecated. Use [RCTModernEventEmitter] instead.
w: file:///Users/macbookm1/Desktop/priced-ug/node_modules/.pnpm/react-native-webview@13.15.0_react-native@0.81.5_@babel+core@7.29.0_@types+react@19.1.17_react@19.1.0__react@19.1.0/node_modules/react-native-webview/android/src/main/java/com/reactnativecommunity/webview/events/TopMessageEvent.kt:10:75 'constructor<T : Event<T>>(viewTag: Int): Event<T>' is deprecated. Use constructor with explicit surfaceId instead.
w: file:///Users/macbookm1/Desktop/priced-ug/node_modules/.pnpm/react-native-webview@13.15.0_react-native@0.81.5_@babel+core@7.29.0_@types+react@19.1.17_react@19.1.0__react@19.1.0/node_modules/react-native-webview/android/src/main/java/com/reactnativecommunity/webview/events/TopMessageEvent.kt:21:16 This declaration overrides a deprecated member but is not marked as deprecated itself. Add the '@Deprecated' annotation or suppress the diagnostic.
w: file:///Users/macbookm1/Desktop/priced-ug/node_modules/.pnpm/react-native-webview@13.15.0_react-native@0.81.5_@babel+core@7.29.0_@types+react@19.1.17_react@19.1.0__react@19.1.0/node_modules/react-native-webview/android/src/main/java/com/reactnativecommunity/webview/events/TopMessageEvent.kt:21:42 'interface RCTEventEmitter : JavaScriptModule' is deprecated. Use [RCTModernEventEmitter] instead.
w: file:///Users/macbookm1/Desktop/priced-ug/node_modules/.pnpm/react-native-webview@13.15.0_react-native@0.81.5_@babel+core@7.29.0_@types+react@19.1.17_react@19.1.0__react@19.1.0/node_modules/react-native-webview/android/src/main/java/com/reactnativecommunity/webview/events/TopMessageEvent.kt:22:21 'fun receiveEvent(targetTag: Int, eventName: String, params: WritableMap?): Unit' is deprecated. Use [RCTModernEventEmitter.receiveEvent] instead.
w: file:///Users/macbookm1/Desktop/priced-ug/node_modules/.pnpm/react-native-webview@13.15.0_react-native@0.81.5_@babel+core@7.29.0_@types+react@19.1.17_react@19.1.0__react@19.1.0/node_modules/react-native-webview/android/src/main/java/com/reactnativecommunity/webview/events/TopNewWindowEvent.kt:5:8 'interface RCTEventEmitter : JavaScriptModule' is deprecated. Use [RCTModernEventEmitter] instead.
w: file:///Users/macbookm1/Desktop/priced-ug/node_modules/.pnpm/react-native-webview@13.15.0_react-native@0.81.5_@babel+core@7.29.0_@types+react@19.1.17_react@19.1.0__react@19.1.0/node_modules/react-native-webview/android/src/main/java/com/reactnativecommunity/webview/events/TopNewWindowEvent.kt:11:3 'constructor<T : Event<T>>(viewTag: Int): Event<T>' is deprecated. Use constructor with explicit surfaceId instead.
w: file:///Users/macbookm1/Desktop/priced-ug/node_modules/.pnpm/react-native-webview@13.15.0_react-native@0.81.5_@babel+core@7.29.0_@types+react@19.1.17_react@19.1.0__react@19.1.0/node_modules/react-native-webview/android/src/main/java/com/reactnativecommunity/webview/events/TopNewWindowEvent.kt:22:16 This declaration overrides a deprecated member but is not marked as deprecated itself. Add the '@Deprecated' annotation or suppress the diagnostic.
w: file:///Users/macbookm1/Desktop/priced-ug/node_modules/.pnpm/react-native-webview@13.15.0_react-native@0.81.5_@babel+core@7.29.0_@types+react@19.1.17_react@19.1.0__react@19.1.0/node_modules/react-native-webview/android/src/main/java/com/reactnativecommunity/webview/events/TopNewWindowEvent.kt:22:42 'interface RCTEventEmitter : JavaScriptModule' is deprecated. Use [RCTModernEventEmitter] instead.
w: file:///Users/macbookm1/Desktop/priced-ug/node_modules/.pnpm/react-native-webview@13.15.0_react-native@0.81.5_@babel+core@7.29.0_@types+react@19.1.17_react@19.1.0__react@19.1.0/node_modules/react-native-webview/android/src/main/java/com/reactnativecommunity/webview/events/TopNewWindowEvent.kt:23:21 'fun receiveEvent(targetTag: Int, eventName: String, params: WritableMap?): Unit' is deprecated. Use [RCTModernEventEmitter.receiveEvent] instead.
w: file:///Users/macbookm1/Desktop/priced-ug/node_modules/.pnpm/react-native-webview@13.15.0_react-native@0.81.5_@babel+core@7.29.0_@types+react@19.1.17_react@19.1.0__react@19.1.0/node_modules/react-native-webview/android/src/main/java/com/reactnativecommunity/webview/events/TopRenderProcessGoneEvent.kt:5:8 'interface RCTEventEmitter : JavaScriptModule' is deprecated. Use [RCTModernEventEmitter] instead.
w: file:///Users/macbookm1/Desktop/priced-ug/node_modules/.pnpm/react-native-webview@13.15.0_react-native@0.81.5_@babel+core@7.29.0_@types+react@19.1.17_react@19.1.0__react@19.1.0/node_modules/react-native-webview/android/src/main/java/com/reactnativecommunity/webview/events/TopRenderProcessGoneEvent.kt:12:3 'constructor<T : Event<T>>(viewTag: Int): Event<T>' is deprecated. Use constructor with explicit surfaceId instead.
w: file:///Users/macbookm1/Desktop/priced-ug/node_modules/.pnpm/react-native-webview@13.15.0_react-native@0.81.5_@babel+core@7.29.0_@types+react@19.1.17_react@19.1.0__react@19.1.0/node_modules/react-native-webview/android/src/main/java/com/reactnativecommunity/webview/events/TopRenderProcessGoneEvent.kt:23:16 This declaration overrides a deprecated member but is not marked as deprecated itself. Add the '@Deprecated' annotation or suppress the diagnostic.
w: file:///Users/macbookm1/Desktop/priced-ug/node_modules/.pnpm/react-native-webview@13.15.0_react-native@0.81.5_@babel+core@7.29.0_@types+react@19.1.17_react@19.1.0__react@19.1.0/node_modules/react-native-webview/android/src/main/java/com/reactnativecommunity/webview/events/TopRenderProcessGoneEvent.kt:23:42 'interface RCTEventEmitter : JavaScriptModule' is deprecated. Use [RCTModernEventEmitter] instead.
w: file:///Users/macbookm1/Desktop/priced-ug/node_modules/.pnpm/react-native-webview@13.15.0_react-native@0.81.5_@babel+core@7.29.0_@types+react@19.1.17_react@19.1.0__react@19.1.0/node_modules/react-native-webview/android/src/main/java/com/reactnativecommunity/webview/events/TopRenderProcessGoneEvent.kt:24:21 'fun receiveEvent(targetTag: Int, eventName: String, params: WritableMap?): Unit' is deprecated. Use [RCTModernEventEmitter.receiveEvent] instead.
w: file:///Users/macbookm1/Desktop/priced-ug/node_modules/.pnpm/react-native-webview@13.15.0_react-native@0.81.5_@babel+core@7.29.0_@types+react@19.1.17_react@19.1.0__react@19.1.0/node_modules/react-native-webview/android/src/main/java/com/reactnativecommunity/webview/events/TopShouldStartLoadWithRequestEvent.kt:5:8 'interface RCTEventEmitter : JavaScriptModule' is deprecated. Use [RCTModernEventEmitter] instead.
w: file:///Users/macbookm1/Desktop/priced-ug/node_modules/.pnpm/react-native-webview@13.15.0_react-native@0.81.5_@babel+core@7.29.0_@types+react@19.1.17_react@19.1.0__react@19.1.0/node_modules/react-native-webview/android/src/main/java/com/reactnativecommunity/webview/events/TopShouldStartLoadWithRequestEvent.kt:10:89 'constructor<T : Event<T>>(viewTag: Int): Event<T>' is deprecated. Use constructor with explicit surfaceId instead.
w: file:///Users/macbookm1/Desktop/priced-ug/node_modules/.pnpm/react-native-webview@13.15.0_react-native@0.81.5_@babel+core@7.29.0_@types+react@19.1.17_react@19.1.0__react@19.1.0/node_modules/react-native-webview/android/src/main/java/com/reactnativecommunity/webview/events/TopShouldStartLoadWithRequestEvent.kt:27:16 This declaration overrides a deprecated member but is not marked as deprecated itself. Add the '@Deprecated' annotation or suppress the diagnostic.
w: file:///Users/macbookm1/Desktop/priced-ug/node_modules/.pnpm/react-native-webview@13.15.0_react-native@0.81.5_@babel+core@7.29.0_@types+react@19.1.17_react@19.1.0__react@19.1.0/node_modules/react-native-webview/android/src/main/java/com/reactnativecommunity/webview/events/TopShouldStartLoadWithRequestEvent.kt:27:42 'interface RCTEventEmitter : JavaScriptModule' is deprecated. Use [RCTModernEventEmitter] instead.
w: file:///Users/macbookm1/Desktop/priced-ug/node_modules/.pnpm/react-native-webview@13.15.0_react-native@0.81.5_@babel+core@7.29.0_@types+react@19.1.17_react@19.1.0__react@19.1.0/node_modules/react-native-webview/android/src/main/java/com/reactnativecommunity/webview/events/TopShouldStartLoadWithRequestEvent.kt:28:21 'fun receiveEvent(targetTag: Int, eventName: String, params: WritableMap?): Unit' is deprecated. Use [RCTModernEventEmitter.receiveEvent] instead.

> Task :solana-mobile_mobile-wallet-adapter-protocol:compileReleaseKotlin
w: file:///Users/macbookm1/Desktop/priced-ug/node_modules/.pnpm/@solana-mobile+mobile-wallet-adapter-protocol@2.2.8_react-native@0.81.5_@babel+core@7.2_9fab94de3bc3b39a6127780751f9f88f/node_modules/@solana-mobile/mobile-wallet-adapter-protocol/android/src/main/java/com/solanamobile/mobilewalletadapter/reactnative/SolanaMobileWalletAdapterPackage.kt:3:8 'class TurboReactPackage : BaseReactPackage' is deprecated. Use BaseReactPackage instead.
w: file:///Users/macbookm1/Desktop/priced-ug/node_modules/.pnpm/@solana-mobile+mobile-wallet-adapter-protocol@2.2.8_react-native@0.81.5_@babel+core@7.2_9fab94de3bc3b39a6127780751f9f88f/node_modules/@solana-mobile/mobile-wallet-adapter-protocol/android/src/main/java/com/solanamobile/mobilewalletadapter/reactnative/SolanaMobileWalletAdapterPackage.kt:10:48 'class TurboReactPackage : BaseReactPackage' is deprecated. Use BaseReactPackage instead.
w: file:///Users/macbookm1/Desktop/priced-ug/node_modules/.pnpm/@solana-mobile+mobile-wallet-adapter-protocol@2.2.8_react-native@0.81.5_@babel+core@7.2_9fab94de3bc3b39a6127780751f9f88f/node_modules/@solana-mobile/mobile-wallet-adapter-protocol/android/src/main/java/com/solanamobile/mobilewalletadapter/reactnative/SolanaMobileWalletAdapterPackage.kt:23:21 'constructor(name: String, className: String, canOverrideExistingModule: Boolean, needsEagerInit: Boolean, hasConstants: Boolean, isCxxModule: Boolean, isTurboModule: Boolean): ReactModuleInfo' is deprecated. This constructor is deprecated and will be removed in the future. Use ReactModuleInfo(String, String, boolean, boolean, boolean, boolean)].

> Task :solana-mobile_mobile-wallet-adapter-protocol:javaPreCompileRelease

> Task :react-native-safe-area-context:compileReleaseKotlin
w: file:///Users/macbookm1/Desktop/priced-ug/node_modules/.pnpm/react-native-safe-area-context@5.6.2_react-native@0.81.5_@babel+core@7.29.0_@types+reac_db7e84308fa9a28cdc0cc9a7b78f5e93/node_modules/react-native-safe-area-context/android/src/main/java/com/th3rdwave/safeareacontext/SafeAreaView.kt:59:23 'val uiImplementation: UIImplementation!' is deprecated. Deprecated in Java.

> Task :react-native-safe-area-context:compileReleaseJavaWithJavac
> Task :react-native-safe-area-context:bundleLibRuntimeToDirRelease
> Task :solana-mobile_mobile-wallet-adapter-protocol:compileReleaseJavaWithJavac
> Task :solana-mobile_mobile-wallet-adapter-protocol:bundleLibRuntimeToDirRelease

> Task :react-native-webview:compileReleaseJavaWithJavac
Note: Some input files use or override a deprecated API.
Note: Recompile with -Xlint:deprecation for details.

> Task :react-native-webview:bundleLibRuntimeToDirRelease
> Task :expo:checkKotlinGradlePluginConfigurationErrors SKIPPED
> Task :expo:generateReleaseBuildConfig
> Task :expo-constants:checkKotlinGradlePluginConfigurationErrors SKIPPED
> Task :expo-constants:generateReleaseBuildConfig
> Task :expo-modules-core:checkKotlinGradlePluginConfigurationErrors SKIPPED
> Task :expo-constants:javaPreCompileRelease
> Task :expo-modules-core:generateReleaseBuildConfig
> Task :expo:javaPreCompileRelease
> Task :react-native-async-storage_async-storage:generateReleaseBuildConfig
> Task :react-native-async-storage_async-storage:javaPreCompileRelease

> Task :react-native-async-storage_async-storage:compileReleaseJavaWithJavac
Note: Some input files use or override a deprecated API.
Note: Recompile with -Xlint:deprecation for details.
Note: /Users/macbookm1/Desktop/priced-ug/node_modules/.pnpm/@react-native-async-storage+async-storage@2.2.0_react-native@0.81.5_@babel+core@7.29.0__088e8303e028f6e6ca5c16cc3d46621a/node_modules/@react-native-async-storage/async-storage/android/src/javaPackage/java/com/reactnativecommunity/asyncstorage/AsyncStoragePackage.java uses unchecked or unsafe operations.
Note: Recompile with -Xlint:unchecked for details.

> Task :react-native-async-storage_async-storage:bundleLibRuntimeToDirRelease
> Task :react-native-reanimated:bundleLibRuntimeToDirRelease

> Task :react-native-keyboard-controller:compileReleaseKotlin
w: file:///Users/macbookm1/Desktop/priced-ug/node_modules/.pnpm/react-native-keyboard-controller@1.18.5_react-native-reanimated@4.1.7_react-native-work_fcfe858f08c40f4fabb70307ed883ead/node_modules/react-native-keyboard-controller/android/src/main/java/com/reactnativekeyboardcontroller/extensions/EditText.kt:69:42 Unchecked cast of 'ArrayList<*>' to 'ArrayList<TextWatcher>'.
w: file:///Users/macbookm1/Desktop/priced-ug/node_modules/.pnpm/react-native-keyboard-controller@1.18.5_react-native-reanimated@4.1.7_react-native-work_fcfe858f08c40f4fabb70307ed883ead/node_modules/react-native-keyboard-controller/android/src/main/java/com/reactnativekeyboardcontroller/interactive/KeyboardAnimationController.kt:89:16 'static fun getWindowInsetsController(p0: View): WindowInsetsControllerCompat?' is deprecated. Deprecated in Java.
w: file:///Users/macbookm1/Desktop/priced-ug/node_modules/.pnpm/react-native-keyboard-controller@1.18.5_react-native-reanimated@4.1.7_react-native-work_fcfe858f08c40f4fabb70307ed883ead/node_modules/react-native-keyboard-controller/android/src/main/java/com/reactnativekeyboardcontroller/managers/KeyboardControllerViewManagerImpl.kt:3:8 'object MapBuilder : Any' is deprecated. Use Kotlin's built-in collections extensions.
w: file:///Users/macbookm1/Desktop/priced-ug/node_modules/.pnpm/react-native-keyboard-controller@1.18.5_react-native-reanimated@4.1.7_react-native-work_fcfe858f08c40f4fabb70307ed883ead/node_modules/react-native-keyboard-controller/android/src/main/java/com/reactnativekeyboardcontroller/managers/KeyboardControllerViewManagerImpl.kt:62:7 'object MapBuilder : Any' is deprecated. Use Kotlin's built-in collections extensions.
w: file:///Users/macbookm1/Desktop/priced-ug/node_modules/.pnpm/react-native-keyboard-controller@1.18.5_react-native-reanimated@4.1.7_react-native-work_fcfe858f08c40f4fabb70307ed883ead/node_modules/react-native-keyboard-controller/android/src/main/java/com/reactnativekeyboardcontroller/managers/KeyboardControllerViewManagerImpl.kt:64:9 'object MapBuilder : Any' is deprecated. Use Kotlin's built-in collections extensions.
w: file:///Users/macbookm1/Desktop/priced-ug/node_modules/.pnpm/react-native-keyboard-controller@1.18.5_react-native-reanimated@4.1.7_react-native-work_fcfe858f08c40f4fabb70307ed883ead/node_modules/react-native-keyboard-controller/android/src/main/java/com/reactnativekeyboardcontroller/managers/KeyboardControllerViewManagerImpl.kt:66:9 'object MapBuilder : Any' is deprecated. Use Kotlin's built-in collections extensions.
w: file:///Users/macbookm1/Desktop/priced-ug/node_modules/.pnpm/react-native-keyboard-controller@1.18.5_react-native-reanimated@4.1.7_react-native-work_fcfe858f08c40f4fabb70307ed883ead/node_modules/react-native-keyboard-controller/android/src/main/java/com/reactnativekeyboardcontroller/managers/KeyboardControllerViewManagerImpl.kt:68:9 'object MapBuilder : Any' is deprecated. Use Kotlin's built-in collections extensions.
w: file:///Users/macbookm1/Desktop/priced-ug/node_modules/.pnpm/react-native-keyboard-controller@1.18.5_react-native-reanimated@4.1.7_react-native-work_fcfe858f08c40f4fabb70307ed883ead/node_modules/react-native-keyboard-controller/android/src/main/java/com/reactnativekeyboardcontroller/managers/KeyboardControllerViewManagerImpl.kt:70:9 'object MapBuilder : Any' is deprecated. Use Kotlin's built-in collections extensions.
w: file:///Users/macbookm1/Desktop/priced-ug/node_modules/.pnpm/react-native-keyboard-controller@1.18.5_react-native-reanimated@4.1.7_react-native-work_fcfe858f08c40f4fabb70307ed883ead/node_modules/react-native-keyboard-controller/android/src/main/java/com/reactnativekeyboardcontroller/managers/KeyboardControllerViewManagerImpl.kt:72:9 'object MapBuilder : Any' is deprecated. Use Kotlin's built-in collections extensions.
w: file:///Users/macbookm1/Desktop/priced-ug/node_modules/.pnpm/react-native-keyboard-controller@1.18.5_react-native-reanimated@4.1.7_react-native-work_fcfe858f08c40f4fabb70307ed883ead/node_modules/react-native-keyboard-controller/android/src/main/java/com/reactnativekeyboardcontroller/managers/KeyboardControllerViewManagerImpl.kt:74:9 'object MapBuilder : Any' is deprecated. Use Kotlin's built-in collections extensions.
w: file:///Users/macbookm1/Desktop/priced-ug/node_modules/.pnpm/react-native-keyboard-controller@1.18.5_react-native-reanimated@4.1.7_react-native-work_fcfe858f08c40f4fabb70307ed883ead/node_modules/react-native-keyboard-controller/android/src/main/java/com/reactnativekeyboardcontroller/managers/KeyboardControllerViewManagerImpl.kt:76:9 'object MapBuilder : Any' is deprecated. Use Kotlin's built-in collections extensions.
w: file:///Users/macbookm1/Desktop/priced-ug/node_modules/.pnpm/react-native-keyboard-controller@1.18.5_react-native-reanimated@4.1.7_react-native-work_fcfe858f08c40f4fabb70307ed883ead/node_modules/react-native-keyboard-controller/android/src/main/java/com/reactnativekeyboardcontroller/modal/ModalAttachedWatcher.kt:29:111 'val DEFAULT: Int' is deprecated. UIManagerType.DEFAULT will be deleted in the next release of React Native. Use [LEGACY] instead.
w: file:///Users/macbookm1/Desktop/priced-ug/node_modules/.pnpm/react-native-keyboard-controller@1.18.5_react-native-reanimated@4.1.7_react-native-work_fcfe858f08c40f4fabb70307ed883ead/node_modules/react-native-keyboard-controller/android/src/main/java/com/reactnativekeyboardcontroller/modules/statusbar/StatusBarManagerCompatModuleImpl.kt:62:36 'var statusBarColor: Int' is deprecated. Deprecated in Java.
w: file:///Users/macbookm1/Desktop/priced-ug/node_modules/.pnpm/react-native-keyboard-controller@1.18.5_react-native-reanimated@4.1.7_react-native-work_fcfe858f08c40f4fabb70307ed883ead/node_modules/react-native-keyboard-controller/android/src/main/java/com/reactnativekeyboardcontroller/modules/statusbar/StatusBarManagerCompatModuleImpl.kt:65:18 'var statusBarColor: Int' is deprecated. Deprecated in Java.
w: file:///Users/macbookm1/Desktop/priced-ug/node_modules/.pnpm/react-native-keyboard-controller@1.18.5_react-native-reanimated@4.1.7_react-native-work_fcfe858f08c40f4fabb70307ed883ead/node_modules/react-native-keyboard-controller/android/src/main/java/com/reactnativekeyboardcontroller/modules/statusbar/StatusBarManagerCompatModuleImpl.kt:70:16 'var statusBarColor: Int' is deprecated. Deprecated in Java.
w: file:///Users/macbookm1/Desktop/priced-ug/node_modules/.pnpm/react-native-keyboard-controller@1.18.5_react-native-reanimated@4.1.7_react-native-work_fcfe858f08c40f4fabb70307ed883ead/node_modules/react-native-keyboard-controller/android/src/main/java/com/reactnativekeyboardcontroller/views/EdgeToEdgeReactViewGroup.kt:134:23 'fun replaceSystemWindowInsets(p0: Int, p1: Int, p2: Int, p3: Int): WindowInsetsCompat' is deprecated. Deprecated in Java.
w: file:///Users/macbookm1/Desktop/priced-ug/node_modules/.pnpm/react-native-keyboard-controller@1.18.5_react-native-reanimated@4.1.7_react-native-work_fcfe858f08c40f4fabb70307ed883ead/node_modules/react-native-keyboard-controller/android/src/main/java/com/reactnativekeyboardcontroller/views/EdgeToEdgeReactViewGroup.kt:135:25 'val systemWindowInsetLeft: Int' is deprecated. Deprecated in Java.
w: file:///Users/macbookm1/Desktop/priced-ug/node_modules/.pnpm/react-native-keyboard-controller@1.18.5_react-native-reanimated@4.1.7_react-native-work_fcfe858f08c40f4fabb70307ed883ead/node_modules/react-native-keyboard-controller/android/src/main/java/com/reactnativekeyboardcontroller/views/EdgeToEdgeReactViewGroup.kt:136:65 'val systemWindowInsetTop: Int' is deprecated. Deprecated in Java.
w: file:///Users/macbookm1/Desktop/priced-ug/node_modules/.pnpm/react-native-keyboard-controller@1.18.5_react-native-reanimated@4.1.7_react-native-work_fcfe858f08c40f4fabb70307ed883ead/node_modules/react-native-keyboard-controller/android/src/main/java/com/reactnativekeyboardcontroller/views/EdgeToEdgeReactViewGroup.kt:137:25 'val systemWindowInsetRight: Int' is deprecated. Deprecated in Java.
w: file:///Users/macbookm1/Desktop/priced-ug/node_modules/.pnpm/react-native-keyboard-controller@1.18.5_react-native-reanimated@4.1.7_react-native-work_fcfe858f08c40f4fabb70307ed883ead/node_modules/react-native-keyboard-controller/android/src/main/java/com/reactnativekeyboardcontroller/views/EdgeToEdgeReactViewGroup.kt:138:25 'val systemWindowInsetBottom: Int' is deprecated. Deprecated in Java.
w: file:///Users/macbookm1/Desktop/priced-ug/node_modules/.pnpm/react-native-keyboard-controller@1.18.5_react-native-reanimated@4.1.7_react-native-work_fcfe858f08c40f4fabb70307ed883ead/node_modules/react-native-keyboard-controller/android/src/main/java/com/reactnativekeyboardcontroller/views/overlay/OverKeyboardViewGroup.kt:13:8 'object ReactFeatureFlags : Any' is deprecated. Use com.facebook.react.internal.featureflags.ReactNativeFeatureFlags instead.
w: file:///Users/macbookm1/Desktop/priced-ug/node_modules/.pnpm/react-native-keyboard-controller@1.18.5_react-native-reanimated@4.1.7_react-native-work_fcfe858f08c40f4fabb70307ed883ead/node_modules/react-native-keyboard-controller/android/src/main/java/com/reactnativekeyboardcontroller/views/overlay/OverKeyboardViewGroup.kt:79:5 The corresponding parameter in the supertype 'ReactViewGroup' is named 'left'. This may cause problems when calling this function with named arguments.
w: file:///Users/macbookm1/Desktop/priced-ug/node_modules/.pnpm/react-native-keyboard-controller@1.18.5_react-native-reanimated@4.1.7_react-native-work_fcfe858f08c40f4fabb70307ed883ead/node_modules/react-native-keyboard-controller/android/src/main/java/com/reactnativekeyboardcontroller/views/overlay/OverKeyboardViewGroup.kt:80:5 The corresponding parameter in the supertype 'ReactViewGroup' is named 'top'. This may cause problems when calling this function with named arguments.
w: file:///Users/macbookm1/Desktop/priced-ug/node_modules/.pnpm/react-native-keyboard-controller@1.18.5_react-native-reanimated@4.1.7_react-native-work_fcfe858f08c40f4fabb70307ed883ead/node_modules/react-native-keyboard-controller/android/src/main/java/com/reactnativekeyboardcontroller/views/overlay/OverKeyboardViewGroup.kt:81:5 The corresponding parameter in the supertype 'ReactViewGroup' is named 'right'. This may cause problems when calling this function with named arguments.
w: file:///Users/macbookm1/Desktop/priced-ug/node_modules/.pnpm/react-native-keyboard-controller@1.18.5_react-native-reanimated@4.1.7_react-native-work_fcfe858f08c40f4fabb70307ed883ead/node_modules/react-native-keyboard-controller/android/src/main/java/com/reactnativekeyboardcontroller/views/overlay/OverKeyboardViewGroup.kt:82:5 The corresponding parameter in the supertype 'ReactViewGroup' is named 'bottom'. This may cause problems when calling this function with named arguments.
w: file:///Users/macbookm1/Desktop/priced-ug/node_modules/.pnpm/react-native-keyboard-controller@1.18.5_react-native-reanimated@4.1.7_react-native-work_fcfe858f08c40f4fabb70307ed883ead/node_modules/react-native-keyboard-controller/android/src/main/java/com/reactnativekeyboardcontroller/views/overlay/OverKeyboardViewGroup.kt:132:9 'object ReactFeatureFlags : Any' is deprecated. Use com.facebook.react.internal.featureflags.ReactNativeFeatureFlags instead.
w: file:///Users/macbookm1/Desktop/priced-ug/node_modules/.pnpm/react-native-keyboard-controller@1.18.5_react-native-reanimated@4.1.7_react-native-work_fcfe858f08c40f4fabb70307ed883ead/node_modules/react-native-keyboard-controller/android/src/main/java/com/reactnativekeyboardcontroller/views/overlay/OverKeyboardViewGroup.kt:152:5 The corresponding parameter in the supertype 'ReactViewGroup' is named 'w'. This may cause problems when calling this function with named arguments.
w: file:///Users/macbookm1/Desktop/priced-ug/node_modules/.pnpm/react-native-keyboard-controller@1.18.5_react-native-reanimated@4.1.7_react-native-work_fcfe858f08c40f4fabb70307ed883ead/node_modules/react-native-keyboard-controller/android/src/main/java/com/reactnativekeyboardcontroller/views/overlay/OverKeyboardViewGroup.kt:153:5 The corresponding parameter in the supertype 'ReactViewGroup' is named 'h'. This may cause problems when calling this function with named arguments.
w: file:///Users/macbookm1/Desktop/priced-ug/node_modules/.pnpm/react-native-keyboard-controller@1.18.5_react-native-reanimated@4.1.7_react-native-work_fcfe858f08c40f4fabb70307ed883ead/node_modules/react-native-keyboard-controller/android/src/main/java/com/reactnativekeyboardcontroller/views/overlay/OverKeyboardViewGroup.kt:154:5 The corresponding parameter in the supertype 'ReactViewGroup' is named 'oldw'. This may cause problems when calling this function with named arguments.
w: file:///Users/macbookm1/Desktop/priced-ug/node_modules/.pnpm/react-native-keyboard-controller@1.18.5_react-native-reanimated@4.1.7_react-native-work_fcfe858f08c40f4fabb70307ed883ead/node_modules/react-native-keyboard-controller/android/src/main/java/com/reactnativekeyboardcontroller/views/overlay/OverKeyboardViewGroup.kt:155:5 The corresponding parameter in the supertype 'ReactViewGroup' is named 'oldh'. This may cause problems when calling this function with named arguments.

> Task :react-native-svg:bundleLibRuntimeToDirRelease
> Task :expo-modules-core:javaPreCompileRelease
> Task :react-native-keyboard-controller:compileReleaseJavaWithJavac

> Task :clerk_expo:compileReleaseKotlin
w: file:///Users/macbookm1/Desktop/priced-ug/node_modules/.pnpm/@clerk+expo@3.3.0_@types+react@19.1.17_bs58@6.0.0_expo-auth-session@7.0.11_expo@54.0.35_c583af19fc4f2ceb02100f578457b8e9/node_modules/@clerk/expo/android/src/main/java/expo/modules/clerk/ClerkAuthActivity.kt:106:29 Condition is always 'true'.
w: file:///Users/macbookm1/Desktop/priced-ug/node_modules/.pnpm/@clerk+expo@3.3.0_@types+react@19.1.17_bs58@6.0.0_expo-auth-session@7.0.11_expo@54.0.35_c583af19fc4f2ceb02100f578457b8e9/node_modules/@clerk/expo/android/src/main/java/expo/modules/clerk/ClerkAuthExpoView.kt:31:8 'interface RCTEventEmitter : JavaScriptModule' is deprecated. Use [RCTModernEventEmitter] instead.
w: file:///Users/macbookm1/Desktop/priced-ug/node_modules/.pnpm/@clerk+expo@3.3.0_@types+react@19.1.17_bs58@6.0.0_expo-auth-session@7.0.11_expo@54.0.35_c583af19fc4f2ceb02100f578457b8e9/node_modules/@clerk/expo/android/src/main/java/expo/modules/clerk/ClerkAuthExpoView.kt:171:30 'interface RCTEventEmitter : JavaScriptModule' is deprecated. Use [RCTModernEventEmitter] instead.
w: file:///Users/macbookm1/Desktop/priced-ug/node_modules/.pnpm/@clerk+expo@3.3.0_@types+react@19.1.17_bs58@6.0.0_expo-auth-session@7.0.11_expo@54.0.35_c583af19fc4f2ceb02100f578457b8e9/node_modules/@clerk/expo/android/src/main/java/expo/modules/clerk/ClerkAuthExpoView.kt:172:8 'fun receiveEvent(targetTag: Int, eventName: String, params: WritableMap?): Unit' is deprecated. Use [RCTModernEventEmitter.receiveEvent] instead.
w: file:///Users/macbookm1/Desktop/priced-ug/node_modules/.pnpm/@clerk+expo@3.3.0_@types+react@19.1.17_bs58@6.0.0_expo-auth-session@7.0.11_expo@54.0.35_c583af19fc4f2ceb02100f578457b8e9/node_modules/@clerk/expo/android/src/main/java/expo/modules/clerk/ClerkAuthViewManager.kt:3:8 'object MapBuilder : Any' is deprecated. Use Kotlin's built-in collections extensions.
w: file:///Users/macbookm1/Desktop/priced-ug/node_modules/.pnpm/@clerk+expo@3.3.0_@types+react@19.1.17_bs58@6.0.0_expo-auth-session@7.0.11_expo@54.0.35_c583af19fc4f2ceb02100f578457b8e9/node_modules/@clerk/expo/android/src/main/java/expo/modules/clerk/ClerkAuthViewManager.kt:31:12 'object MapBuilder : Any' is deprecated. Use Kotlin's built-in collections extensions.
w: file:///Users/macbookm1/Desktop/priced-ug/node_modules/.pnpm/@clerk+expo@3.3.0_@types+react@19.1.17_bs58@6.0.0_expo-auth-session@7.0.11_expo@54.0.35_c583af19fc4f2ceb02100f578457b8e9/node_modules/@clerk/expo/android/src/main/java/expo/modules/clerk/ClerkAuthViewManager.kt:32:27 'object MapBuilder : Any' is deprecated. Use Kotlin's built-in collections extensions.
w: file:///Users/macbookm1/Desktop/priced-ug/node_modules/.pnpm/@clerk+expo@3.3.0_@types+react@19.1.17_bs58@6.0.0_expo-auth-session@7.0.11_expo@54.0.35_c583af19fc4f2ceb02100f578457b8e9/node_modules/@clerk/expo/android/src/main/java/expo/modules/clerk/ClerkAuthViewManager.kt:34:9 'object MapBuilder : Any' is deprecated. Use Kotlin's built-in collections extensions.
w: file:///Users/macbookm1/Desktop/priced-ug/node_modules/.pnpm/@clerk+expo@3.3.0_@types+react@19.1.17_bs58@6.0.0_expo-auth-session@7.0.11_expo@54.0.35_c583af19fc4f2ceb02100f578457b8e9/node_modules/@clerk/expo/android/src/main/java/expo/modules/clerk/ClerkExpoModule.kt:97:21 'fun getCurrentActivity(): Activity?' is deprecated. Deprecated in 0.80.0. Use getReactApplicationContext.getCurrentActivity() instead.
w: file:///Users/macbookm1/Desktop/priced-ug/node_modules/.pnpm/@clerk+expo@3.3.0_@types+react@19.1.17_bs58@6.0.0_expo-auth-session@7.0.11_expo@54.0.35_c583af19fc4f2ceb02100f578457b8e9/node_modules/@clerk/expo/android/src/main/java/expo/modules/clerk/ClerkExpoModule.kt:168:24 'fun getCurrentActivity(): Activity?' is deprecated. Deprecated in 0.80.0. Use getReactApplicationContext.getCurrentActivity() instead.
w: file:///Users/macbookm1/Desktop/priced-ug/node_modules/.pnpm/@clerk+expo@3.3.0_@types+react@19.1.17_bs58@6.0.0_expo-auth-session@7.0.11_expo@54.0.35_c583af19fc4f2ceb02100f578457b8e9/node_modules/@clerk/expo/android/src/main/java/expo/modules/clerk/ClerkExpoModule.kt:202:24 'fun getCurrentActivity(): Activity?' is deprecated. Deprecated in 0.80.0. Use getReactApplicationContext.getCurrentActivity() instead.
w: file:///Users/macbookm1/Desktop/priced-ug/node_modules/.pnpm/@clerk+expo@3.3.0_@types+react@19.1.17_bs58@6.0.0_expo-auth-session@7.0.11_expo@54.0.35_c583af19fc4f2ceb02100f578457b8e9/node_modules/@clerk/expo/android/src/main/java/expo/modules/clerk/ClerkExpoModule.kt:473:36 Java type mismatch: inferred type is 'Nothing?', but 'String' was expected.
w: file:///Users/macbookm1/Desktop/priced-ug/node_modules/.pnpm/@clerk+expo@3.3.0_@types+react@19.1.17_bs58@6.0.0_expo-auth-session@7.0.11_expo@54.0.35_c583af19fc4f2ceb02100f578457b8e9/node_modules/@clerk/expo/android/src/main/java/expo/modules/clerk/ClerkPackage.kt:3:8 'class TurboReactPackage : BaseReactPackage' is deprecated. Use BaseReactPackage instead.
w: file:///Users/macbookm1/Desktop/priced-ug/node_modules/.pnpm/@clerk+expo@3.3.0_@types+react@19.1.17_bs58@6.0.0_expo-auth-session@7.0.11_expo@54.0.35_c583af19fc4f2ceb02100f578457b8e9/node_modules/@clerk/expo/android/src/main/java/expo/modules/clerk/ClerkPackage.kt:10:22 'class TurboReactPackage : BaseReactPackage' is deprecated. Use BaseReactPackage instead.
w: file:///Users/macbookm1/Desktop/priced-ug/node_modules/.pnpm/@clerk+expo@3.3.0_@types+react@19.1.17_bs58@6.0.0_expo-auth-session@7.0.11_expo@54.0.35_c583af19fc4f2ceb02100f578457b8e9/node_modules/@clerk/expo/android/src/main/java/expo/modules/clerk/ClerkPackage.kt:23:39 'constructor(name: String, className: String, canOverrideExistingModule: Boolean, needsEagerInit: Boolean, hasConstants: Boolean, isCxxModule: Boolean, isTurboModule: Boolean): ReactModuleInfo' is deprecated. This constructor is deprecated and will be removed in the future. Use ReactModuleInfo(String, String, boolean, boolean, boolean, boolean)].
w: file:///Users/macbookm1/Desktop/priced-ug/node_modules/.pnpm/@clerk+expo@3.3.0_@types+react@19.1.17_bs58@6.0.0_expo-auth-session@7.0.11_expo@54.0.35_c583af19fc4f2ceb02100f578457b8e9/node_modules/@clerk/expo/android/src/main/java/expo/modules/clerk/ClerkPackage.kt:28:45 'constructor(name: String, className: String, canOverrideExistingModule: Boolean, needsEagerInit: Boolean, hasConstants: Boolean, isCxxModule: Boolean, isTurboModule: Boolean): ReactModuleInfo' is deprecated. This constructor is deprecated and will be removed in the future. Use ReactModuleInfo(String, String, boolean, boolean, boolean, boolean)].
w: file:///Users/macbookm1/Desktop/priced-ug/node_modules/.pnpm/@clerk+expo@3.3.0_@types+react@19.1.17_bs58@6.0.0_expo-auth-session@7.0.11_expo@54.0.35_c583af19fc4f2ceb02100f578457b8e9/node_modules/@clerk/expo/android/src/main/java/expo/modules/clerk/ClerkUserProfileExpoView.kt:31:8 'interface RCTEventEmitter : JavaScriptModule' is deprecated. Use [RCTModernEventEmitter] instead.
w: file:///Users/macbookm1/Desktop/priced-ug/node_modules/.pnpm/@clerk+expo@3.3.0_@types+react@19.1.17_bs58@6.0.0_expo-auth-session@7.0.11_expo@54.0.35_c583af19fc4f2ceb02100f578457b8e9/node_modules/@clerk/expo/android/src/main/java/expo/modules/clerk/ClerkUserProfileExpoView.kt:141:30 'interface RCTEventEmitter : JavaScriptModule' is deprecated. Use [RCTModernEventEmitter] instead.
w: file:///Users/macbookm1/Desktop/priced-ug/node_modules/.pnpm/@clerk+expo@3.3.0_@types+react@19.1.17_bs58@6.0.0_expo-auth-session@7.0.11_expo@54.0.35_c583af19fc4f2ceb02100f578457b8e9/node_modules/@clerk/expo/android/src/main/java/expo/modules/clerk/ClerkUserProfileExpoView.kt:142:8 'fun receiveEvent(targetTag: Int, eventName: String, params: WritableMap?): Unit' is deprecated. Use [RCTModernEventEmitter.receiveEvent] instead.
w: file:///Users/macbookm1/Desktop/priced-ug/node_modules/.pnpm/@clerk+expo@3.3.0_@types+react@19.1.17_bs58@6.0.0_expo-auth-session@7.0.11_expo@54.0.35_c583af19fc4f2ceb02100f578457b8e9/node_modules/@clerk/expo/android/src/main/java/expo/modules/clerk/ClerkUserProfileViewManager.kt:3:8 'object MapBuilder : Any' is deprecated. Use Kotlin's built-in collections extensions.
w: file:///Users/macbookm1/Desktop/priced-ug/node_modules/.pnpm/@clerk+expo@3.3.0_@types+react@19.1.17_bs58@6.0.0_expo-auth-session@7.0.11_expo@54.0.35_c583af19fc4f2ceb02100f578457b8e9/node_modules/@clerk/expo/android/src/main/java/expo/modules/clerk/ClerkUserProfileViewManager.kt:25:12 'object MapBuilder : Any' is deprecated. Use Kotlin's built-in collections extensions.
w: file:///Users/macbookm1/Desktop/priced-ug/node_modules/.pnpm/@clerk+expo@3.3.0_@types+react@19.1.17_bs58@6.0.0_expo-auth-session@7.0.11_expo@54.0.35_c583af19fc4f2ceb02100f578457b8e9/node_modules/@clerk/expo/android/src/main/java/expo/modules/clerk/ClerkUserProfileViewManager.kt:26:30 'object MapBuilder : Any' is deprecated. Use Kotlin's built-in collections extensions.
w: file:///Users/macbookm1/Desktop/priced-ug/node_modules/.pnpm/@clerk+expo@3.3.0_@types+react@19.1.17_bs58@6.0.0_expo-auth-session@7.0.11_expo@54.0.35_c583af19fc4f2ceb02100f578457b8e9/node_modules/@clerk/expo/android/src/main/java/expo/modules/clerk/ClerkUserProfileViewManager.kt:28:9 'object MapBuilder : Any' is deprecated. Use Kotlin's built-in collections extensions.
w: file:///Users/macbookm1/Desktop/priced-ug/node_modules/.pnpm/@clerk+expo@3.3.0_@types+react@19.1.17_bs58@6.0.0_expo-auth-session@7.0.11_expo@54.0.35_c583af19fc4f2ceb02100f578457b8e9/node_modules/@clerk/expo/android/src/main/java/expo/modules/clerk/googlesignin/ClerkGoogleSignInModule.kt:57:20 'fun getCurrentActivity(): Activity?' is deprecated. Deprecated in 0.80.0. Use getReactApplicationContext.getCurrentActivity() instead.
w: file:///Users/macbookm1/Desktop/priced-ug/node_modules/.pnpm/@clerk+expo@3.3.0_@types+react@19.1.17_bs58@6.0.0_expo-auth-session@7.0.11_expo@54.0.35_c583af19fc4f2ceb02100f578457b8e9/node_modules/@clerk/expo/android/src/main/java/expo/modules/clerk/googlesignin/ClerkGoogleSignInModule.kt:111:20 'fun getCurrentActivity(): Activity?' is deprecated. Deprecated in 0.80.0. Use getReactApplicationContext.getCurrentActivity() instead.
w: file:///Users/macbookm1/Desktop/priced-ug/node_modules/.pnpm/@clerk+expo@3.3.0_@types+react@19.1.17_bs58@6.0.0_expo-auth-session@7.0.11_expo@54.0.35_c583af19fc4f2ceb02100f578457b8e9/node_modules/@clerk/expo/android/src/main/java/expo/modules/clerk/googlesignin/ClerkGoogleSignInModule.kt:161:20 'fun getCurrentActivity(): Activity?' is deprecated. Deprecated in 0.80.0. Use getReactApplicationContext.getCurrentActivity() instead.

> Task :react-native-keyboard-controller:bundleLibRuntimeToDirRelease
> Task :react-native-worklets:bundleLibRuntimeToDirRelease
> Task :react-native-async-storage_async-storage:bundleLibCompileToJarRelease
> Task :react-native-keyboard-controller:bundleLibCompileToJarRelease
> Task :react-native-safe-area-context:bundleLibCompileToJarRelease
> Task :react-native-webview:bundleLibCompileToJarRelease
> Task :solana-mobile_mobile-wallet-adapter-protocol:bundleLibCompileToJarRelease
> Task :expo:mergeReleaseShaders
> Task :expo:compileReleaseShaders NO-SOURCE
> Task :expo:generateReleaseAssets UP-TO-DATE
> Task :expo:mergeReleaseAssets
> Task :expo-constants:mergeReleaseShaders
> Task :expo-constants:compileReleaseShaders NO-SOURCE
> Task :expo-constants:generateReleaseAssets UP-TO-DATE
> Task :expo-constants:mergeReleaseAssets
> Task :expo-modules-core:mergeReleaseShaders
> Task :expo-modules-core:compileReleaseShaders NO-SOURCE
> Task :expo-modules-core:generateReleaseAssets UP-TO-DATE
> Task :expo-modules-core:mergeReleaseAssets
> Task :react-native-async-storage_async-storage:mergeReleaseShaders
> Task :react-native-async-storage_async-storage:compileReleaseShaders NO-SOURCE
> Task :react-native-async-storage_async-storage:generateReleaseAssets UP-TO-DATE
> Task :react-native-async-storage_async-storage:mergeReleaseAssets
> Task :react-native-gesture-handler:mergeReleaseShaders
> Task :react-native-gesture-handler:compileReleaseShaders NO-SOURCE
> Task :react-native-gesture-handler:generateReleaseAssets UP-TO-DATE
> Task :react-native-gesture-handler:mergeReleaseAssets
> Task :react-native-keyboard-controller:mergeReleaseShaders
> Task :react-native-keyboard-controller:compileReleaseShaders NO-SOURCE
> Task :react-native-keyboard-controller:generateReleaseAssets UP-TO-DATE
> Task :react-native-keyboard-controller:mergeReleaseAssets
> Task :react-native-reanimated:mergeReleaseShaders
> Task :react-native-reanimated:compileReleaseShaders NO-SOURCE
> Task :react-native-reanimated:generateReleaseAssets UP-TO-DATE
> Task :react-native-reanimated:mergeReleaseAssets
> Task :react-native-safe-area-context:mergeReleaseShaders
> Task :react-native-safe-area-context:compileReleaseShaders NO-SOURCE
> Task :react-native-safe-area-context:generateReleaseAssets UP-TO-DATE
> Task :react-native-safe-area-context:mergeReleaseAssets
> Task :react-native-screens:mergeReleaseShaders
> Task :react-native-screens:compileReleaseShaders NO-SOURCE
> Task :react-native-screens:generateReleaseAssets UP-TO-DATE
> Task :react-native-screens:mergeReleaseAssets
> Task :react-native-svg:mergeReleaseShaders
> Task :react-native-svg:compileReleaseShaders NO-SOURCE
> Task :react-native-svg:generateReleaseAssets UP-TO-DATE
> Task :react-native-svg:mergeReleaseAssets
> Task :react-native-webview:mergeReleaseShaders
> Task :react-native-webview:compileReleaseShaders NO-SOURCE
> Task :react-native-webview:generateReleaseAssets UP-TO-DATE
> Task :react-native-webview:mergeReleaseAssets
> Task :react-native-worklets:mergeReleaseShaders
> Task :react-native-worklets:compileReleaseShaders NO-SOURCE
> Task :react-native-worklets:generateReleaseAssets UP-TO-DATE
> Task :react-native-worklets:mergeReleaseAssets
> Task :solana-mobile_mobile-wallet-adapter-protocol:mergeReleaseShaders
> Task :solana-mobile_mobile-wallet-adapter-protocol:compileReleaseShaders NO-SOURCE
> Task :solana-mobile_mobile-wallet-adapter-protocol:generateReleaseAssets UP-TO-DATE
> Task :solana-mobile_mobile-wallet-adapter-protocol:mergeReleaseAssets
> Task :react-native-webview:bundleLibRuntimeToJarRelease
> Task :react-native-keyboard-controller:bundleLibRuntimeToJarRelease
> Task :react-native-safe-area-context:bundleLibRuntimeToJarRelease

> Task :react-native-gesture-handler:compileReleaseKotlin
w: file:///Users/macbookm1/Desktop/priced-ug/node_modules/.pnpm/react-native-gesture-handler@2.28.0_react-native@0.81.5_@babel+core@7.29.0_@types+react_18db092138149f473db19e5f912d822a/node_modules/react-native-gesture-handler/android/src/main/java/com/swmansion/gesturehandler/react/RNGestureHandlerRootView.kt:41:43 The corresponding parameter in the supertype 'ReactViewGroup' is named 'ev'. This may cause problems when calling this function with named arguments.

> Task :react-native-reanimated:bundleLibRuntimeToJarRelease
> Task :solana-mobile_mobile-wallet-adapter-protocol:bundleLibRuntimeToJarRelease
> Task :react-native-async-storage_async-storage:bundleLibRuntimeToJarRelease
> Task :react-native-svg:bundleLibRuntimeToJarRelease
> Task :react-native-worklets:bundleLibRuntimeToJarRelease
> Task :react-native-async-storage_async-storage:processReleaseJavaRes NO-SOURCE
> Task :clerk_expo:compileReleaseJavaWithJavac
> Task :react-native-keyboard-controller:processReleaseJavaRes
> Task :clerk_expo:bundleLibCompileToJarRelease
> Task :react-native-reanimated:processReleaseJavaRes NO-SOURCE
> Task :react-native-safe-area-context:processReleaseJavaRes
> Task :react-native-svg:processReleaseJavaRes NO-SOURCE
> Task :react-native-webview:processReleaseJavaRes
> Task :clerk_expo:mergeReleaseShaders
> Task :clerk_expo:compileReleaseShaders NO-SOURCE
> Task :clerk_expo:generateReleaseAssets UP-TO-DATE
> Task :clerk_expo:bundleLibRuntimeToDirRelease
> Task :react-native-worklets:processReleaseJavaRes NO-SOURCE
> Task :clerk_expo:mergeReleaseAssets
> Task :solana-mobile_mobile-wallet-adapter-protocol:processReleaseJavaRes
> Task :clerk_expo:bundleLibRuntimeToJarRelease
> Task :react-native-gesture-handler:compileReleaseJavaWithJavac
> Task :react-native-gesture-handler:bundleLibRuntimeToDirRelease
> Task :react-native-gesture-handler:bundleLibCompileToJarRelease
> Task :react-native-gesture-handler:bundleLibRuntimeToJarRelease
> Task :clerk_expo:processReleaseJavaRes
> Task :react-native-gesture-handler:processReleaseJavaRes
> Task :app:generateAutolinkingNewArchitectureFiles
> Task :app:generateAutolinkingPackageList
> Task :app:generateCodegenSchemaFromJavaScript SKIPPED
> Task :app:generateCodegenArtifactsFromSchema SKIPPED
> Task :app:generateReactNativeEntryPoint
> Task :app:preBuild
> Task :app:preReleaseBuild
> Task :app:generateReleaseResValues
> Task :clerk_expo:mergeReleaseJniLibFolders
> Task :clerk_expo:mergeReleaseNativeLibs NO-SOURCE
> Task :clerk_expo:copyReleaseJniLibsProjectOnly
> Task :expo-constants:mergeReleaseJniLibFolders
> Task :expo-constants:mergeReleaseNativeLibs NO-SOURCE
> Task :expo-constants:copyReleaseJniLibsProjectOnly
> Task :react-native-async-storage_async-storage:mergeReleaseJniLibFolders
> Task :react-native-async-storage_async-storage:mergeReleaseNativeLibs NO-SOURCE
> Task :react-native-gesture-handler:mergeReleaseJniLibFolders

> Task :react-native-screens:compileReleaseKotlin
w: file:///Users/macbookm1/Desktop/priced-ug/node_modules/.pnpm/react-native-screens@4.16.0_react-native@0.81.5_@babel+core@7.29.0_@types+react@19.1.17_react@19.1.0__react@19.1.0/node_modules/react-native-screens/android/src/main/java/com/swmansion/rnscreens/RNScreensPackage.kt:56:9 The corresponding parameter in the supertype 'BaseReactPackage' is named 'name'. This may cause problems when calling this function with named arguments.
w: file:///Users/macbookm1/Desktop/priced-ug/node_modules/.pnpm/react-native-screens@4.16.0_react-native@0.81.5_@babel+core@7.29.0_@types+react@19.1.17_react@19.1.0__react@19.1.0/node_modules/react-native-screens/android/src/main/java/com/swmansion/rnscreens/RNScreensPackage.kt:57:9 The corresponding parameter in the supertype 'BaseReactPackage' is named 'reactContext'. This may cause problems when calling this function with named arguments.
w: file:///Users/macbookm1/Desktop/priced-ug/node_modules/.pnpm/react-native-screens@4.16.0_react-native@0.81.5_@babel+core@7.29.0_@types+react@19.1.17_react@19.1.0__react@19.1.0/node_modules/react-native-screens/android/src/main/java/com/swmansion/rnscreens/RNScreensPackage.kt:70:17 'constructor(name: String, className: String, canOverrideExistingModule: Boolean, needsEagerInit: Boolean, hasConstants: Boolean, isCxxModule: Boolean, isTurboModule: Boolean): ReactModuleInfo' is deprecated. This constructor is deprecated and will be removed in the future. Use ReactModuleInfo(String, String, boolean, boolean, boolean, boolean)].
w: file:///Users/macbookm1/Desktop/priced-ug/node_modules/.pnpm/react-native-screens@4.16.0_react-native@0.81.5_@babel+core@7.29.0_@types+react@19.1.17_react@19.1.0__react@19.1.0/node_modules/react-native-screens/android/src/main/java/com/swmansion/rnscreens/Screen.kt:48:77 Unchecked cast of '(CoordinatorLayout.Behavior<View!>?..CoordinatorLayout.Behavior<*>?)' to 'BottomSheetBehavior<Screen>'.
w: file:///Users/macbookm1/Desktop/priced-ug/node_modules/.pnpm/react-native-screens@4.16.0_react-native@0.81.5_@babel+core@7.29.0_@types+react@19.1.17_react@19.1.0__react@19.1.0/node_modules/react-native-screens/android/src/main/java/com/swmansion/rnscreens/Screen.kt:383:36 'fun setTranslucent(screen: Screen, activity: Activity?, context: ReactContext?): Unit' is deprecated. For apps targeting SDK 35 or above this prop has no effect because edge-to-edge is enabled by default and the status bar is always translucent.
w: file:///Users/macbookm1/Desktop/priced-ug/node_modules/.pnpm/react-native-screens@4.16.0_react-native@0.81.5_@babel+core@7.29.0_@types+react@19.1.17_react@19.1.0__react@19.1.0/node_modules/react-native-screens/android/src/main/java/com/swmansion/rnscreens/Screen.kt:402:36 'fun setColor(screen: Screen, activity: Activity?, context: ReactContext?): Unit' is deprecated. For apps targeting SDK 35 or above this prop has no effect because edge-to-edge is enabled by default and the status bar is always translucent.
w: file:///Users/macbookm1/Desktop/priced-ug/node_modules/.pnpm/react-native-screens@4.16.0_react-native@0.81.5_@babel+core@7.29.0_@types+react@19.1.17_react@19.1.0__react@19.1.0/node_modules/react-native-screens/android/src/main/java/com/swmansion/rnscreens/Screen.kt:420:36 'fun setNavigationBarColor(screen: Screen, activity: Activity?): Unit' is deprecated. For all apps targeting Android SDK 35 or above edge-to-edge is enabled by default.
w: file:///Users/macbookm1/Desktop/priced-ug/node_modules/.pnpm/react-native-screens@4.16.0_react-native@0.81.5_@babel+core@7.29.0_@types+react@19.1.17_react@19.1.0__react@19.1.0/node_modules/react-native-screens/android/src/main/java/com/swmansion/rnscreens/Screen.kt:437:36 'fun setNavigationBarTranslucent(screen: Screen, activity: Activity?): Unit' is deprecated. For all apps targeting Android SDK 35 or above edge-to-edge is enabled by default.
w: file:///Users/macbookm1/Desktop/priced-ug/node_modules/.pnpm/react-native-screens@4.16.0_react-native@0.81.5_@babel+core@7.29.0_@types+react@19.1.17_react@19.1.0__react@19.1.0/node_modules/react-native-screens/android/src/main/java/com/swmansion/rnscreens/ScreenStackFragment.kt:217:31 'var targetElevation: Float' is deprecated. Deprecated in Java.
w: file:///Users/macbookm1/Desktop/priced-ug/node_modules/.pnpm/react-native-screens@4.16.0_react-native@0.81.5_@babel+core@7.29.0_@types+react@19.1.17_react@19.1.0__react@19.1.0/node_modules/react-native-screens/android/src/main/java/com/swmansion/rnscreens/ScreenStackFragment.kt:220:13 'fun setHasOptionsMenu(p0: Boolean): Unit' is deprecated. Deprecated in Java.
w: file:///Users/macbookm1/Desktop/priced-ug/node_modules/.pnpm/react-native-screens@4.16.0_react-native@0.81.5_@babel+core@7.29.0_@types+react@19.1.17_react@19.1.0__react@19.1.0/node_modules/react-native-screens/android/src/main/java/com/swmansion/rnscreens/ScreenStackFragment.kt:397:18 This declaration overrides a deprecated member but is not marked as deprecated itself. Add the '@Deprecated' annotation or suppress the diagnostic.
w: file:///Users/macbookm1/Desktop/priced-ug/node_modules/.pnpm/react-native-screens@4.16.0_react-native@0.81.5_@babel+core@7.29.0_@types+react@19.1.17_react@19.1.0__react@19.1.0/node_modules/react-native-screens/android/src/main/java/com/swmansion/rnscreens/ScreenStackFragment.kt:404:22 'fun onPrepareOptionsMenu(p0: Menu): Unit' is deprecated. Deprecated in Java.
w: file:///Users/macbookm1/Desktop/priced-ug/node_modules/.pnpm/react-native-screens@4.16.0_react-native@0.81.5_@babel+core@7.29.0_@types+react@19.1.17_react@19.1.0__react@19.1.0/node_modules/react-native-screens/android/src/main/java/com/swmansion/rnscreens/ScreenStackFragment.kt:407:18 This declaration overrides a deprecated member but is not marked as deprecated itself. Add the '@Deprecated' annotation or suppress the diagnostic.
w: file:///Users/macbookm1/Desktop/priced-ug/node_modules/.pnpm/react-native-screens@4.16.0_react-native@0.81.5_@babel+core@7.29.0_@types+react@19.1.17_react@19.1.0__react@19.1.0/node_modules/react-native-screens/android/src/main/java/com/swmansion/rnscreens/ScreenStackFragment.kt:412:22 'fun onCreateOptionsMenu(p0: Menu, p1: MenuInflater): Unit' is deprecated. Deprecated in Java.
w: file:///Users/macbookm1/Desktop/priced-ug/node_modules/.pnpm/react-native-screens@4.16.0_react-native@0.81.5_@babel+core@7.29.0_@types+react@19.1.17_react@19.1.0__react@19.1.0/node_modules/react-native-screens/android/src/main/java/com/swmansion/rnscreens/ScreenStackHeaderConfig.kt:435:18 'val reactNativeHost: ReactNativeHost' is deprecated. You should not use ReactNativeHost directly in the New Architecture. Use ReactHost instead.
w: file:///Users/macbookm1/Desktop/priced-ug/node_modules/.pnpm/react-native-screens@4.16.0_react-native@0.81.5_@babel+core@7.29.0_@types+react@19.1.17_react@19.1.0__react@19.1.0/node_modules/react-native-screens/android/src/main/java/com/swmansion/rnscreens/ScreenViewManager.kt:203:14 'var statusBarColor: Int?' is deprecated. For apps targeting SDK 35 or above this prop has no effect because edge-to-edge is enabled by default and the status bar is always translucent.
w: file:///Users/macbookm1/Desktop/priced-ug/node_modules/.pnpm/react-native-screens@4.16.0_react-native@0.81.5_@babel+core@7.29.0_@types+react@19.1.17_react@19.1.0__react@19.1.0/node_modules/react-native-screens/android/src/main/java/com/swmansion/rnscreens/ScreenViewManager.kt:220:14 'var isStatusBarTranslucent: Boolean?' is deprecated. For apps targeting SDK 35 or above this prop has no effect because edge-to-edge is enabled by default and the status bar is always translucent.
w: file:///Users/macbookm1/Desktop/priced-ug/node_modules/.pnpm/react-native-screens@4.16.0_react-native@0.81.5_@babel+core@7.29.0_@types+react@19.1.17_react@19.1.0__react@19.1.0/node_modules/react-native-screens/android/src/main/java/com/swmansion/rnscreens/ScreenViewManager.kt:237:14 'var navigationBarColor: Int?' is deprecated. For all apps targeting Android SDK 35 or above edge-to-edge is enabled by default.
w: file:///Users/macbookm1/Desktop/priced-ug/node_modules/.pnpm/react-native-screens@4.16.0_react-native@0.81.5_@babel+core@7.29.0_@types+react@19.1.17_react@19.1.0__react@19.1.0/node_modules/react-native-screens/android/src/main/java/com/swmansion/rnscreens/ScreenViewManager.kt:246:14 'var isNavigationBarTranslucent: Boolean?' is deprecated. For all apps targeting Android SDK 35 or above edge-to-edge is enabled by default.
w: file:///Users/macbookm1/Desktop/priced-ug/node_modules/.pnpm/react-native-screens@4.16.0_react-native@0.81.5_@babel+core@7.29.0_@types+react@19.1.17_react@19.1.0__react@19.1.0/node_modules/react-native-screens/android/src/main/java/com/swmansion/rnscreens/ScreenWindowTraits.kt:55:42 'fun replaceSystemWindowInsets(p0: Int, p1: Int, p2: Int, p3: Int): WindowInsetsCompat' is deprecated. Deprecated in Java.
w: file:///Users/macbookm1/Desktop/priced-ug/node_modules/.pnpm/react-native-screens@4.16.0_react-native@0.81.5_@babel+core@7.29.0_@types+react@19.1.17_react@19.1.0__react@19.1.0/node_modules/react-native-screens/android/src/main/java/com/swmansion/rnscreens/ScreenWindowTraits.kt:56:39 'val systemWindowInsetLeft: Int' is deprecated. Deprecated in Java.
w: file:///Users/macbookm1/Desktop/priced-ug/node_modules/.pnpm/react-native-screens@4.16.0_react-native@0.81.5_@babel+core@7.29.0_@types+react@19.1.17_react@19.1.0__react@19.1.0/node_modules/react-native-screens/android/src/main/java/com/swmansion/rnscreens/ScreenWindowTraits.kt:58:39 'val systemWindowInsetRight: Int' is deprecated. Deprecated in Java.
w: file:///Users/macbookm1/Desktop/priced-ug/node_modules/.pnpm/react-native-screens@4.16.0_react-native@0.81.5_@babel+core@7.29.0_@types+react@19.1.17_react@19.1.0__react@19.1.0/node_modules/react-native-screens/android/src/main/java/com/swmansion/rnscreens/ScreenWindowTraits.kt:59:39 'val systemWindowInsetBottom: Int' is deprecated. Deprecated in Java.
w: file:///Users/macbookm1/Desktop/priced-ug/node_modules/.pnpm/react-native-screens@4.16.0_react-native@0.81.5_@babel+core@7.29.0_@types+react@19.1.17_react@19.1.0__react@19.1.0/node_modules/react-native-screens/android/src/main/java/com/swmansion/rnscreens/ScreenWindowTraits.kt:102:53 'var statusBarColor: Int' is deprecated. Deprecated in Java.
w: file:///Users/macbookm1/Desktop/priced-ug/node_modules/.pnpm/react-native-screens@4.16.0_react-native@0.81.5_@babel+core@7.29.0_@types+react@19.1.17_react@19.1.0__react@19.1.0/node_modules/react-native-screens/android/src/main/java/com/swmansion/rnscreens/ScreenWindowTraits.kt:106:37 'var statusBarColor: Int?' is deprecated. For apps targeting SDK 35 or above this prop has no effect because edge-to-edge is enabled by default and the status bar is always translucent.
w: file:///Users/macbookm1/Desktop/priced-ug/node_modules/.pnpm/react-native-screens@4.16.0_react-native@0.81.5_@babel+core@7.29.0_@types+react@19.1.17_react@19.1.0__react@19.1.0/node_modules/react-native-screens/android/src/main/java/com/swmansion/rnscreens/ScreenWindowTraits.kt:113:48 'var statusBarColor: Int' is deprecated. Deprecated in Java.
w: file:///Users/macbookm1/Desktop/priced-ug/node_modules/.pnpm/react-native-screens@4.16.0_react-native@0.81.5_@babel+core@7.29.0_@types+react@19.1.17_react@19.1.0__react@19.1.0/node_modules/react-native-screens/android/src/main/java/com/swmansion/rnscreens/ScreenWindowTraits.kt:116:32 'var statusBarColor: Int' is deprecated. Deprecated in Java.
w: file:///Users/macbookm1/Desktop/priced-ug/node_modules/.pnpm/react-native-screens@4.16.0_react-native@0.81.5_@babel+core@7.29.0_@types+react@19.1.17_react@19.1.0__react@19.1.0/node_modules/react-native-screens/android/src/main/java/com/swmansion/rnscreens/ScreenWindowTraits.kt:162:49 'var isStatusBarTranslucent: Boolean?' is deprecated. For apps targeting SDK 35 or above this prop has no effect because edge-to-edge is enabled by default and the status bar is always translucent.
w: file:///Users/macbookm1/Desktop/priced-ug/node_modules/.pnpm/react-native-screens@4.16.0_react-native@0.81.5_@babel+core@7.29.0_@types+react@19.1.17_react@19.1.0__react@19.1.0/node_modules/react-native-screens/android/src/main/java/com/swmansion/rnscreens/ScreenWindowTraits.kt:218:43 'var navigationBarColor: Int?' is deprecated. For all apps targeting Android SDK 35 or above edge-to-edge is enabled by default.
w: file:///Users/macbookm1/Desktop/priced-ug/node_modules/.pnpm/react-native-screens@4.16.0_react-native@0.81.5_@babel+core@7.29.0_@types+react@19.1.17_react@19.1.0__react@19.1.0/node_modules/react-native-screens/android/src/main/java/com/swmansion/rnscreens/ScreenWindowTraits.kt:218:72 'var navigationBarColor: Int' is deprecated. Deprecated in Java.
w: file:///Users/macbookm1/Desktop/priced-ug/node_modules/.pnpm/react-native-screens@4.16.0_react-native@0.81.5_@babel+core@7.29.0_@types+react@19.1.17_react@19.1.0__react@19.1.0/node_modules/react-native-screens/android/src/main/java/com/swmansion/rnscreens/ScreenWindowTraits.kt:224:16 'var navigationBarColor: Int' is deprecated. Deprecated in Java.
w: file:///Users/macbookm1/Desktop/priced-ug/node_modules/.pnpm/react-native-screens@4.16.0_react-native@0.81.5_@babel+core@7.29.0_@types+react@19.1.17_react@19.1.0__react@19.1.0/node_modules/react-native-screens/android/src/main/java/com/swmansion/rnscreens/ScreenWindowTraits.kt:241:55 'var isNavigationBarTranslucent: Boolean?' is deprecated. For all apps targeting Android SDK 35 or above edge-to-edge is enabled by default.
w: file:///Users/macbookm1/Desktop/priced-ug/node_modules/.pnpm/react-native-screens@4.16.0_react-native@0.81.5_@babel+core@7.29.0_@types+react@19.1.17_react@19.1.0__react@19.1.0/node_modules/react-native-screens/android/src/main/java/com/swmansion/rnscreens/ScreenWindowTraits.kt:283:13 'fun setColor(screen: Screen, activity: Activity?, context: ReactContext?): Unit' is deprecated. For apps targeting SDK 35 or above this prop has no effect because edge-to-edge is enabled by default and the status bar is always translucent.
w: file:///Users/macbookm1/Desktop/priced-ug/node_modules/.pnpm/react-native-screens@4.16.0_react-native@0.81.5_@babel+core@7.29.0_@types+react@19.1.17_react@19.1.0__react@19.1.0/node_modules/react-native-screens/android/src/main/java/com/swmansion/rnscreens/ScreenWindowTraits.kt:285:13 'fun setTranslucent(screen: Screen, activity: Activity?, context: ReactContext?): Unit' is deprecated. For apps targeting SDK 35 or above this prop has no effect because edge-to-edge is enabled by default and the status bar is always translucent.
w: file:///Users/macbookm1/Desktop/priced-ug/node_modules/.pnpm/react-native-screens@4.16.0_react-native@0.81.5_@babel+core@7.29.0_@types+react@19.1.17_react@19.1.0__react@19.1.0/node_modules/react-native-screens/android/src/main/java/com/swmansion/rnscreens/ScreenWindowTraits.kt:289:13 'fun setNavigationBarColor(screen: Screen, activity: Activity?): Unit' is deprecated. For all apps targeting Android SDK 35 or above edge-to-edge is enabled by default.
w: file:///Users/macbookm1/Desktop/priced-ug/node_modules/.pnpm/react-native-screens@4.16.0_react-native@0.81.5_@babel+core@7.29.0_@types+react@19.1.17_react@19.1.0__react@19.1.0/node_modules/react-native-screens/android/src/main/java/com/swmansion/rnscreens/ScreenWindowTraits.kt:290:13 'fun setNavigationBarTranslucent(screen: Screen, activity: Activity?): Unit' is deprecated. For all apps targeting Android SDK 35 or above edge-to-edge is enabled by default.
w: file:///Users/macbookm1/Desktop/priced-ug/node_modules/.pnpm/react-native-screens@4.16.0_react-native@0.81.5_@babel+core@7.29.0_@types+react@19.1.17_react@19.1.0__react@19.1.0/node_modules/react-native-screens/android/src/main/java/com/swmansion/rnscreens/ScreenWindowTraits.kt:354:42 'var statusBarColor: Int?' is deprecated. For apps targeting SDK 35 or above this prop has no effect because edge-to-edge is enabled by default and the status bar is always translucent.
w: file:///Users/macbookm1/Desktop/priced-ug/node_modules/.pnpm/react-native-screens@4.16.0_react-native@0.81.5_@babel+core@7.29.0_@types+react@19.1.17_react@19.1.0__react@19.1.0/node_modules/react-native-screens/android/src/main/java/com/swmansion/rnscreens/ScreenWindowTraits.kt:356:48 'var isStatusBarTranslucent: Boolean?' is deprecated. For apps targeting SDK 35 or above this prop has no effect because edge-to-edge is enabled by default and the status bar is always translucent.
w: file:///Users/macbookm1/Desktop/priced-ug/node_modules/.pnpm/react-native-screens@4.16.0_react-native@0.81.5_@babel+core@7.29.0_@types+react@19.1.17_react@19.1.0__react@19.1.0/node_modules/react-native-screens/android/src/main/java/com/swmansion/rnscreens/ScreenWindowTraits.kt:359:57 'var navigationBarColor: Int?' is deprecated. For all apps targeting Android SDK 35 or above edge-to-edge is enabled by default.
w: file:///Users/macbookm1/Desktop/priced-ug/node_modules/.pnpm/react-native-screens@4.16.0_react-native@0.81.5_@babel+core@7.29.0_@types+react@19.1.17_react@19.1.0__react@19.1.0/node_modules/react-native-screens/android/src/main/java/com/swmansion/rnscreens/ScreenWindowTraits.kt:360:63 'var isNavigationBarTranslucent: Boolean?' is deprecated. For all apps targeting Android SDK 35 or above edge-to-edge is enabled by default.
w: file:///Users/macbookm1/Desktop/priced-ug/node_modules/.pnpm/react-native-screens@4.16.0_react-native@0.81.5_@babel+core@7.29.0_@types+react@19.1.17_react@19.1.0__react@19.1.0/node_modules/react-native-screens/android/src/main/java/com/swmansion/rnscreens/bottomsheet/BottomSheetDialogRootView.kt:7:8 'object ReactFeatureFlags : Any' is deprecated. Use com.facebook.react.internal.featureflags.ReactNativeFeatureFlags instead.
w: file:///Users/macbookm1/Desktop/priced-ug/node_modules/.pnpm/react-native-screens@4.16.0_react-native@0.81.5_@babel+core@7.29.0_@types+react@19.1.17_react@19.1.0__react@19.1.0/node_modules/react-native-screens/android/src/main/java/com/swmansion/rnscreens/bottomsheet/BottomSheetDialogRootView.kt:25:13 'object ReactFeatureFlags : Any' is deprecated. Use com.facebook.react.internal.featureflags.ReactNativeFeatureFlags instead.
w: file:///Users/macbookm1/Desktop/priced-ug/node_modules/.pnpm/react-native-screens@4.16.0_react-native@0.81.5_@babel+core@7.29.0_@types+react@19.1.17_react@19.1.0__react@19.1.0/node_modules/react-native-screens/android/src/main/java/com/swmansion/rnscreens/bottomsheet/BottomSheetDialogRootView.kt:32:9 The corresponding parameter in the supertype 'ReactViewGroup' is named 'left'. This may cause problems when calling this function with named arguments.
w: file:///Users/macbookm1/Desktop/priced-ug/node_modules/.pnpm/react-native-screens@4.16.0_react-native@0.81.5_@babel+core@7.29.0_@types+react@19.1.17_react@19.1.0__react@19.1.0/node_modules/react-native-screens/android/src/main/java/com/swmansion/rnscreens/bottomsheet/BottomSheetDialogRootView.kt:33:9 The corresponding parameter in the supertype 'ReactViewGroup' is named 'top'. This may cause problems when calling this function with named arguments.
w: file:///Users/macbookm1/Desktop/priced-ug/node_modules/.pnpm/react-native-screens@4.16.0_react-native@0.81.5_@babel+core@7.29.0_@types+react@19.1.17_react@19.1.0__react@19.1.0/node_modules/react-native-screens/android/src/main/java/com/swmansion/rnscreens/bottomsheet/BottomSheetDialogRootView.kt:34:9 The corresponding parameter in the supertype 'ReactViewGroup' is named 'right'. This may cause problems when calling this function with named arguments.
w: file:///Users/macbookm1/Desktop/priced-ug/node_modules/.pnpm/react-native-screens@4.16.0_react-native@0.81.5_@babel+core@7.29.0_@types+react@19.1.17_react@19.1.0__react@19.1.0/node_modules/react-native-screens/android/src/main/java/com/swmansion/rnscreens/bottomsheet/BottomSheetDialogRootView.kt:35:9 The corresponding parameter in the supertype 'ReactViewGroup' is named 'bottom'. This may cause problems when calling this function with named arguments.
w: file:///Users/macbookm1/Desktop/priced-ug/node_modules/.pnpm/react-native-screens@4.16.0_react-native@0.81.5_@babel+core@7.29.0_@types+react@19.1.17_react@19.1.0__react@19.1.0/node_modules/react-native-screens/android/src/main/java/com/swmansion/rnscreens/bottomsheet/BottomSheetDialogRootView.kt:71:9 The corresponding parameter in the supertype 'RootView' is named 'childView'. This may cause problems when calling this function with named arguments.
w: file:///Users/macbookm1/Desktop/priced-ug/node_modules/.pnpm/react-native-screens@4.16.0_react-native@0.81.5_@babel+core@7.29.0_@types+react@19.1.17_react@19.1.0__react@19.1.0/node_modules/react-native-screens/android/src/main/java/com/swmansion/rnscreens/bottomsheet/BottomSheetDialogRootView.kt:72:9 The corresponding parameter in the supertype 'RootView' is named 'ev'. This may cause problems when calling this function with named arguments.
w: file:///Users/macbookm1/Desktop/priced-ug/node_modules/.pnpm/react-native-screens@4.16.0_react-native@0.81.5_@babel+core@7.29.0_@types+react@19.1.17_react@19.1.0__react@19.1.0/node_modules/react-native-screens/android/src/main/java/com/swmansion/rnscreens/bottomsheet/BottomSheetDialogRootView.kt:79:46 The corresponding parameter in the supertype 'RootView' is named 'ev'. This may cause problems when calling this function with named arguments.
w: file:///Users/macbookm1/Desktop/priced-ug/node_modules/.pnpm/react-native-screens@4.16.0_react-native@0.81.5_@babel+core@7.29.0_@types+react@19.1.17_react@19.1.0__react@19.1.0/node_modules/react-native-screens/android/src/main/java/com/swmansion/rnscreens/bottomsheet/BottomSheetDialogRootView.kt:83:9 The corresponding parameter in the supertype 'RootView' is named 'childView'. This may cause problems when calling this function with named arguments.
w: file:///Users/macbookm1/Desktop/priced-ug/node_modules/.pnpm/react-native-screens@4.16.0_react-native@0.81.5_@babel+core@7.29.0_@types+react@19.1.17_react@19.1.0__react@19.1.0/node_modules/react-native-screens/android/src/main/java/com/swmansion/rnscreens/bottomsheet/BottomSheetDialogRootView.kt:84:9 The corresponding parameter in the supertype 'RootView' is named 'ev'. This may cause problems when calling this function with named arguments.
w: file:///Users/macbookm1/Desktop/priced-ug/node_modules/.pnpm/react-native-screens@4.16.0_react-native@0.81.5_@babel+core@7.29.0_@types+react@19.1.17_react@19.1.0__react@19.1.0/node_modules/react-native-screens/android/src/main/java/com/swmansion/rnscreens/bottomsheet/BottomSheetDialogRootView.kt:95:34 The corresponding parameter in the supertype 'RootView' is named 't'. This may cause problems when calling this function with named arguments.
w: file:///Users/macbookm1/Desktop/priced-ug/node_modules/.pnpm/react-native-screens@4.16.0_react-native@0.81.5_@babel+core@7.29.0_@types+react@19.1.17_react@19.1.0__react@19.1.0/node_modules/react-native-screens/android/src/main/java/com/swmansion/rnscreens/bottomsheet/DimmingView.kt:63:9 The corresponding parameter in the supertype 'ReactCompoundView' is named 'touchX'. This may cause problems when calling this function with named arguments.
w: file:///Users/macbookm1/Desktop/priced-ug/node_modules/.pnpm/react-native-screens@4.16.0_react-native@0.81.5_@babel+core@7.29.0_@types+react@19.1.17_react@19.1.0__react@19.1.0/node_modules/react-native-screens/android/src/main/java/com/swmansion/rnscreens/bottomsheet/DimmingView.kt:64:9 The corresponding parameter in the supertype 'ReactCompoundView' is named 'touchY'. This may cause problems when calling this function with named arguments.
w: file:///Users/macbookm1/Desktop/priced-ug/node_modules/.pnpm/react-native-screens@4.16.0_react-native@0.81.5_@babel+core@7.29.0_@types+react@19.1.17_react@19.1.0__react@19.1.0/node_modules/react-native-screens/android/src/main/java/com/swmansion/rnscreens/bottomsheet/DimmingView.kt:68:9 The corresponding parameter in the supertype 'ReactCompoundViewGroup' is named 'touchX'. This may cause problems when calling this function with named arguments.
w: file:///Users/macbookm1/Desktop/priced-ug/node_modules/.pnpm/react-native-screens@4.16.0_react-native@0.81.5_@babel+core@7.29.0_@types+react@19.1.17_react@19.1.0__react@19.1.0/node_modules/react-native-screens/android/src/main/java/com/swmansion/rnscreens/bottomsheet/DimmingView.kt:69:9 The corresponding parameter in the supertype 'ReactCompoundViewGroup' is named 'touchY'. This may cause problems when calling this function with named arguments.
w: file:///Users/macbookm1/Desktop/priced-ug/node_modules/.pnpm/react-native-screens@4.16.0_react-native@0.81.5_@babel+core@7.29.0_@types+react@19.1.17_react@19.1.0__react@19.1.0/node_modules/react-native-screens/android/src/main/java/com/swmansion/rnscreens/gamma/tabs/TabsHostViewManager.kt:37:9 The corresponding parameter in the supertype 'TabsHostViewManager' is named 'view'. This may cause problems when calling this function with named arguments.

> Task :react-native-keyboard-controller:mergeReleaseJniLibFolders
> Task :react-native-keyboard-controller:mergeReleaseNativeLibs NO-SOURCE
> Task :react-native-keyboard-controller:copyReleaseJniLibsProjectOnly
> Task :react-native-async-storage_async-storage:copyReleaseJniLibsProjectOnly
> Task :expo:mergeReleaseJniLibFolders
> Task :expo:mergeReleaseNativeLibs NO-SOURCE
> Task :expo-modules-core:compileReleaseKotlin
> Task :expo:copyReleaseJniLibsProjectOnly
> Task :react-native-svg:mergeReleaseJniLibFolders
> Task :react-native-svg:mergeReleaseNativeLibs NO-SOURCE
> Task :react-native-svg:copyReleaseJniLibsProjectOnly
> Task :react-native-reanimated:mergeReleaseJniLibFolders
> Task :react-native-webview:mergeReleaseJniLibFolders
> Task :react-native-webview:mergeReleaseNativeLibs NO-SOURCE
> Task :react-native-webview:copyReleaseJniLibsProjectOnly
> Task :clerk_expo:prepareReleaseArtProfile
> Task :expo:prepareReleaseArtProfile
> Task :expo-constants:prepareReleaseArtProfile
> Task :react-native-async-storage_async-storage:prepareReleaseArtProfile
> Task :react-native-gesture-handler:prepareReleaseArtProfile
> Task :react-native-keyboard-controller:prepareReleaseArtProfile
> Task :react-native-reanimated:prepareReleaseArtProfile
> Task :react-native-svg:prepareReleaseArtProfile
> Task :react-native-webview:prepareReleaseArtProfile
> Task :clerk_expo:createFullJarRelease
> Task :clerk_expo:extractProguardFiles
> Task :react-native-safe-area-context:mergeReleaseJniLibFolders
> Task :react-native-safe-area-context:mergeReleaseNativeLibs NO-SOURCE
> Task :react-native-safe-area-context:copyReleaseJniLibsProjectOnly
> Task :react-native-safe-area-context:prepareReleaseArtProfile
> Task :expo:extractProguardFiles
> Task :expo-constants:extractProguardFiles
> Task :expo-constants:prepareLintJarForPublish
> Task :expo:prepareLintJarForPublish
> Task :react-native-async-storage_async-storage:createFullJarRelease
> Task :react-native-async-storage_async-storage:extractProguardFiles
> Task :react-native-screens:compileReleaseJavaWithJavac
> Task :solana-mobile_mobile-wallet-adapter-protocol:mergeReleaseJniLibFolders
> Task :react-native-screens:bundleLibCompileToJarRelease
> Task :react-native-screens:bundleLibRuntimeToJarRelease
> Task :react-native-worklets:configureCMakeRelWithDebInfo[arm64-v8a]
> Task :react-native-screens:bundleLibRuntimeToDirRelease
> Task :react-native-screens:processReleaseJavaRes
> Task :app:mapReleaseSourceSetPaths
> Task :expo-modules-core:configureCMakeRelWithDebInfo[arm64-v8a]
> Task :solana-mobile_mobile-wallet-adapter-protocol:mergeReleaseNativeLibs NO-SOURCE
> Task :solana-mobile_mobile-wallet-adapter-protocol:copyReleaseJniLibsProjectOnly
> Task :solana-mobile_mobile-wallet-adapter-protocol:prepareReleaseArtProfile
> Task :react-native-gesture-handler:createFullJarRelease
> Task :react-native-gesture-handler:extractProguardFiles
> Task :react-native-reanimated:createFullJarRelease
> Task :react-native-reanimated:extractProguardFiles
> Task :react-native-reanimated:prepareLintJarForPublish
> Task :react-native-svg:createFullJarRelease
> Task :react-native-svg:extractProguardFiles
> Task :app:generateReleaseResources
> Task :react-native-async-storage_async-storage:generateReleaseLintModel
> Task :react-native-async-storage_async-storage:prepareLintJarForPublish
> Task :react-native-svg:generateReleaseLintModel
> Task :react-native-svg:prepareLintJarForPublish
> Task :react-native-gesture-handler:prepareLintJarForPublish
> Task :react-native-safe-area-context:createFullJarRelease
> Task :react-native-keyboard-controller:createFullJarRelease
> Task :react-native-safe-area-context:extractProguardFiles
> Task :react-native-keyboard-controller:extractProguardFiles
> Task :react-native-safe-area-context:generateReleaseLintModel
> Task :react-native-safe-area-context:prepareLintJarForPublish
> Task :react-native-webview:createFullJarRelease
> Task :react-native-webview:extractProguardFiles
> Task :react-native-keyboard-controller:generateReleaseLintModel
> Task :react-native-keyboard-controller:prepareLintJarForPublish
> Task :solana-mobile_mobile-wallet-adapter-protocol:createFullJarRelease
> Task :solana-mobile_mobile-wallet-adapter-protocol:extractProguardFiles
> Task :react-native-webview:generateReleaseLintModel
> Task :react-native-webview:prepareLintJarForPublish
> Task :react-native-webview:stripReleaseDebugSymbols NO-SOURCE
> Task :react-native-webview:copyReleaseJniLibsProjectAndLocalJars
> Task :react-native-webview:extractDeepLinksForAarRelease
> Task :clerk_expo:generateReleaseLintModel
> Task :react-native-worklets:configureCMakeRelWithDebInfo[armeabi-v7a]
> Task :react-native-worklets:configureCMakeRelWithDebInfo[x86]
> Task :react-native-worklets:configureCMakeRelWithDebInfo[x86_64]
> Task :solana-mobile_mobile-wallet-adapter-protocol:generateReleaseLintModel
> Task :react-native-worklets:generateJsonModelRelease
> Task :react-native-worklets:prefabReleaseConfigurePackage
> Task :react-native-reanimated:configureCMakeRelWithDebInfo[arm64-v8a]
> Task :react-native-reanimated:configureCMakeRelWithDebInfo[armeabi-v7a]
> Task :solana-mobile_mobile-wallet-adapter-protocol:prepareLintJarForPublish
> Task :react-native-reanimated:configureCMakeRelWithDebInfo[x86]
> Task :react-native-reanimated:configureCMakeRelWithDebInfo[x86_64]
> Task :react-native-reanimated:generateJsonModelRelease
> Task :react-native-reanimated:prefabReleaseConfigurePackage
> Task :react-native-screens:configureCMakeRelWithDebInfo[arm64-v8a]
> Task :clerk_expo:prepareLintJarForPublish
> Task :clerk_expo:stripReleaseDebugSymbols NO-SOURCE
> Task :clerk_expo:copyReleaseJniLibsProjectAndLocalJars
> Task :clerk_expo:extractDeepLinksForAarRelease
> Task :react-native-gesture-handler:configureCMakeRelWithDebInfo[arm64-v8a]
> Task :react-native-gesture-handler:configureCMakeRelWithDebInfo[armeabi-v7a]
> Task :react-native-gesture-handler:configureCMakeRelWithDebInfo[x86]
> Task :react-native-gesture-handler:configureCMakeRelWithDebInfo[x86_64]
> Task :react-native-gesture-handler:extractDeepLinksForAarRelease
> Task :app:mergeReleaseResources
> Task :app:createReleaseCompatibleScreenManifests
> Task :app:extractDeepLinksRelease

> Task :app:processReleaseMainManifest
/Users/macbookm1/Desktop/priced-ug/artifacts/pricedug/android/app/src/main/AndroidManifest.xml Warning:
	activity#expo.modules.imagepicker.ExpoCropImageActivity@android:exported was tagged at AndroidManifest.xml:0 to replace other declarations but no other declaration present
/Users/macbookm1/Desktop/priced-ug/artifacts/pricedug/android/app/src/main/AndroidManifest.xml Warning:
	provider#expo.modules.filesystem.FileSystemFileProvider@android:authorities was tagged at AndroidManifest.xml:0 to replace other declarations but no other declaration present

> Task :app:processReleaseManifest
> Task :app:processApplicationManifestReleaseForBundle
> Task :app:checkReleaseAarMetadata

> Task :expo-modules-core:compileReleaseKotlin
w: file:///Users/macbookm1/Desktop/priced-ug/node_modules/.pnpm/expo-modules-core@3.0.30_react-native@0.81.5_@babel+core@7.29.0_@types+react@19.1.17_react@19.1.0__react@19.1.0/node_modules/expo-modules-core/android/src/main/java/expo/modules/adapters/react/apploader/RNHeadlessAppLoader.kt:48:87 'val reactNativeHost: ReactNativeHost' is deprecated. You should not use ReactNativeHost directly in the New Architecture. Use ReactHost instead.
w: file:///Users/macbookm1/Desktop/priced-ug/node_modules/.pnpm/expo-modules-core@3.0.30_react-native@0.81.5_@babel+core@7.29.0_@types+react@19.1.17_react@19.1.0__react@19.1.0/node_modules/expo-modules-core/android/src/main/java/expo/modules/adapters/react/apploader/RNHeadlessAppLoader.kt:91:85 'val reactNativeHost: ReactNativeHost' is deprecated. You should not use ReactNativeHost directly in the New Architecture. Use ReactHost instead.
w: file:///Users/macbookm1/Desktop/priced-ug/node_modules/.pnpm/expo-modules-core@3.0.30_react-native@0.81.5_@babel+core@7.29.0_@types+react@19.1.17_react@19.1.0__react@19.1.0/node_modules/expo-modules-core/android/src/main/java/expo/modules/adapters/react/apploader/RNHeadlessAppLoader.kt:120:83 'val reactNativeHost: ReactNativeHost' is deprecated. You should not use ReactNativeHost directly in the New Architecture. Use ReactHost instead.
w: file:///Users/macbookm1/Desktop/priced-ug/node_modules/.pnpm/expo-modules-core@3.0.30_react-native@0.81.5_@babel+core@7.29.0_@types+react@19.1.17_react@19.1.0__react@19.1.0/node_modules/expo-modules-core/android/src/main/java/expo/modules/apploader/AppLoaderProvider.kt:34:52 Unchecked cast of 'Class<*>!' to 'Class<out HeadlessAppLoader>'.
w: file:///Users/macbookm1/Desktop/priced-ug/node_modules/.pnpm/expo-modules-core@3.0.30_react-native@0.81.5_@babel+core@7.29.0_@types+react@19.1.17_react@19.1.0__react@19.1.0/node_modules/expo-modules-core/android/src/main/java/expo/modules/kotlin/AppContext.kt:30:8 'typealias ErrorManagerModule = JSLoggerModule' is deprecated. Use JSLoggerModule instead.
w: file:///Users/macbookm1/Desktop/priced-ug/node_modules/.pnpm/expo-modules-core@3.0.30_react-native@0.81.5_@babel+core@7.29.0_@types+react@19.1.17_react@19.1.0__react@19.1.0/node_modules/expo-modules-core/android/src/main/java/expo/modules/kotlin/AppContext.kt:253:21 'typealias ErrorManagerModule = JSLoggerModule' is deprecated. Use JSLoggerModule instead.
w: file:///Users/macbookm1/Desktop/priced-ug/node_modules/.pnpm/expo-modules-core@3.0.30_react-native@0.81.5_@babel+core@7.29.0_@types+react@19.1.17_react@19.1.0__react@19.1.0/node_modules/expo-modules-core/android/src/main/java/expo/modules/kotlin/AppContext.kt:343:21 'val DEFAULT: Int' is deprecated. UIManagerType.DEFAULT will be deleted in the next release of React Native. Use [LEGACY] instead.
w: file:///Users/macbookm1/Desktop/priced-ug/node_modules/.pnpm/expo-modules-core@3.0.30_react-native@0.81.5_@babel+core@7.29.0_@types+react@19.1.17_react@19.1.0__react@19.1.0/node_modules/expo-modules-core/android/src/main/java/expo/modules/kotlin/defaultmodules/NativeModulesProxyModule.kt:16:5 'fun Constants(legacyConstantsProvider: () -> Map<String, Any?>): Unit' is deprecated. Use `Constant` or `Property` instead.
w: file:///Users/macbookm1/Desktop/priced-ug/node_modules/.pnpm/expo-modules-core@3.0.30_react-native@0.81.5_@babel+core@7.29.0_@types+react@19.1.17_react@19.1.0__react@19.1.0/node_modules/expo-modules-core/android/src/main/java/expo/modules/kotlin/jni/PromiseImpl.kt:65:51 'val errorManager: JSLoggerModule?' is deprecated. Use AppContext.jsLogger instead.
w: file:///Users/macbookm1/Desktop/priced-ug/node_modules/.pnpm/expo-modules-core@3.0.30_react-native@0.81.5_@babel+core@7.29.0_@types+react@19.1.17_react@19.1.0__react@19.1.0/node_modules/expo-modules-core/android/src/main/java/expo/modules/kotlin/jni/PromiseImpl.kt:69:22 'fun reportExceptionToLogBox(codedException: CodedException): Unit' is deprecated. Use appContext.jsLogger.error(...) instead.
w: file:///Users/macbookm1/Desktop/priced-ug/node_modules/.pnpm/expo-modules-core@3.0.30_react-native@0.81.5_@babel+core@7.29.0_@types+react@19.1.17_react@19.1.0__react@19.1.0/node_modules/expo-modules-core/android/src/main/java/expo/modules/kotlin/views/ViewDefinitionBuilder.kt:464:16 'val errorManager: JSLoggerModule?' is deprecated. Use AppContext.jsLogger instead.
w: file:///Users/macbookm1/Desktop/priced-ug/node_modules/.pnpm/expo-modules-core@3.0.30_react-native@0.81.5_@babel+core@7.29.0_@types+react@19.1.17_react@19.1.0__react@19.1.0/node_modules/expo-modules-core/android/src/main/java/expo/modules/kotlin/views/ViewDefinitionBuilder.kt:464:30 'fun reportExceptionToLogBox(codedException: CodedException): Unit' is deprecated. Use appContext.jsLogger.error(...) instead.
w: file:///Users/macbookm1/Desktop/priced-ug/node_modules/.pnpm/expo-modules-core@3.0.30_react-native@0.81.5_@babel+core@7.29.0_@types+react@19.1.17_react@19.1.0__react@19.1.0/node_modules/expo-modules-core/android/src/main/java/expo/modules/kotlin/views/ViewManagerDefinition.kt:41:16 'val errorManager: JSLoggerModule?' is deprecated. Use AppContext.jsLogger instead.
w: file:///Users/macbookm1/Desktop/priced-ug/node_modules/.pnpm/expo-modules-core@3.0.30_react-native@0.81.5_@babel+core@7.29.0_@types+react@19.1.17_react@19.1.0__react@19.1.0/node_modules/expo-modules-core/android/src/main/java/expo/modules/kotlin/views/ViewManagerDefinition.kt:41:30 'fun reportExceptionToLogBox(codedException: CodedException): Unit' is deprecated. Use appContext.jsLogger.error(...) instead.

> Task :app:packageReleaseResources
> Task :app:parseReleaseLocalResources
> Task :app:processReleaseManifestForPackage
> Task :react-native-keyboard-controller:stripReleaseDebugSymbols NO-SOURCE
> Task :react-native-keyboard-controller:copyReleaseJniLibsProjectAndLocalJars
> Task :react-native-keyboard-controller:extractDeepLinksForAarRelease
> Task :react-native-screens:buildCMakeRelWithDebInfo[arm64-v8a]
> Task :app:extractReleaseVersionControlInfo
> Task :react-native-webview:extractReleaseAnnotations
> Task :expo-modules-core:buildCMakeRelWithDebInfo[arm64-v8a]
> Task :react-native-worklets:buildCMakeRelWithDebInfo[arm64-v8a][worklets]
> Task :clerk_expo:extractReleaseAnnotations
> Task :react-native-gesture-handler:extractReleaseAnnotations
> Task :react-native-keyboard-controller:extractReleaseAnnotations
> Task :react-native-screens:configureCMakeRelWithDebInfo[armeabi-v7a]
> Task :react-native-webview:mergeReleaseGeneratedProguardFiles
> Task :react-native-webview:mergeReleaseConsumerProguardFiles
> Task :react-native-gesture-handler:mergeReleaseGeneratedProguardFiles
> Task :react-native-gesture-handler:mergeReleaseConsumerProguardFiles
> Task :clerk_expo:mergeReleaseGeneratedProguardFiles
> Task :clerk_expo:mergeReleaseConsumerProguardFiles
> Task :react-native-gesture-handler:mergeReleaseJavaResource
> Task :react-native-gesture-handler:syncReleaseLibJars
> Task :react-native-keyboard-controller:mergeReleaseGeneratedProguardFiles
> Task :react-native-keyboard-controller:mergeReleaseConsumerProguardFiles
> Task :react-native-keyboard-controller:mergeReleaseJavaResource
> Task :react-native-keyboard-controller:syncReleaseLibJars
> Task :react-native-keyboard-controller:bundleReleaseLocalLintAar
> Task :react-native-safe-area-context:stripReleaseDebugSymbols NO-SOURCE
> Task :clerk_expo:mergeReleaseJavaResource
> Task :clerk_expo:syncReleaseLibJars
> Task :clerk_expo:bundleReleaseLocalLintAar
> Task :react-native-safe-area-context:extractDeepLinksForAarRelease
> Task :react-native-safe-area-context:extractReleaseAnnotations
> Task :react-native-safe-area-context:mergeReleaseGeneratedProguardFiles
> Task :react-native-safe-area-context:mergeReleaseConsumerProguardFiles
> Task :react-native-safe-area-context:mergeReleaseJavaResource
> Task :react-native-safe-area-context:syncReleaseLibJars
> Task :solana-mobile_mobile-wallet-adapter-protocol:stripReleaseDebugSymbols NO-SOURCE
> Task :react-native-webview:mergeReleaseJavaResource
> Task :solana-mobile_mobile-wallet-adapter-protocol:copyReleaseJniLibsProjectAndLocalJars
> Task :solana-mobile_mobile-wallet-adapter-protocol:extractDeepLinksForAarRelease
> Task :react-native-webview:syncReleaseLibJars
> Task :solana-mobile_mobile-wallet-adapter-protocol:extractReleaseAnnotations
> Task :solana-mobile_mobile-wallet-adapter-protocol:mergeReleaseGeneratedProguardFiles
> Task :solana-mobile_mobile-wallet-adapter-protocol:mergeReleaseConsumerProguardFiles
> Task :react-native-webview:bundleReleaseLocalLintAar
> Task :react-native-safe-area-context:copyReleaseJniLibsProjectAndLocalJars
> Task :react-native-safe-area-context:bundleReleaseLocalLintAar
> Task :react-native-async-storage_async-storage:stripReleaseDebugSymbols NO-SOURCE
> Task :app:processReleaseResources
> Task :react-native-async-storage_async-storage:copyReleaseJniLibsProjectAndLocalJars
> Task :expo:stripReleaseDebugSymbols NO-SOURCE
> Task :solana-mobile_mobile-wallet-adapter-protocol:mergeReleaseJavaResource
> Task :react-native-async-storage_async-storage:extractDeepLinksForAarRelease
> Task :solana-mobile_mobile-wallet-adapter-protocol:syncReleaseLibJars
> Task :react-native-reanimated:extractDeepLinksForAarRelease
> Task :solana-mobile_mobile-wallet-adapter-protocol:bundleReleaseLocalLintAar
> Task :expo:copyReleaseJniLibsProjectAndLocalJars
> Task :react-native-async-storage_async-storage:extractReleaseAnnotations
> Task :expo:extractDeepLinksForAarRelease
> Task :expo-constants:stripReleaseDebugSymbols NO-SOURCE
> Task :react-native-reanimated:extractReleaseAnnotations
> Task :react-native-svg:stripReleaseDebugSymbols NO-SOURCE
> Task :react-native-reanimated:mergeReleaseGeneratedProguardFiles
> Task :react-native-async-storage_async-storage:mergeReleaseGeneratedProguardFiles
> Task :expo-constants:copyReleaseJniLibsProjectAndLocalJars
> Task :react-native-svg:copyReleaseJniLibsProjectAndLocalJars
> Task :react-native-svg:extractDeepLinksForAarRelease
> Task :react-native-reanimated:mergeReleaseConsumerProguardFiles
> Task :expo-constants:extractDeepLinksForAarRelease
> Task :react-native-reanimated:mergeReleaseJavaResource
> Task :react-native-async-storage_async-storage:mergeReleaseConsumerProguardFiles
> Task :react-native-svg:extractReleaseAnnotations
> Task :react-native-reanimated:syncReleaseLibJars
> Task :react-native-async-storage_async-storage:mergeReleaseJavaResource
> Task :react-native-svg:mergeReleaseGeneratedProguardFiles
> Task :expo-constants:writeReleaseLintModelMetadata
> Task :react-native-async-storage_async-storage:syncReleaseLibJars
> Task :expo:writeReleaseLintModelMetadata
> Task :react-native-async-storage_async-storage:bundleReleaseLocalLintAar
> Task :react-native-svg:mergeReleaseConsumerProguardFiles
> Task :clerk_expo:writeReleaseLintModelMetadata
> Task :react-native-svg:mergeReleaseJavaResource
> Task :react-native-reanimated:writeReleaseLintModelMetadata
> Task :react-native-async-storage_async-storage:writeReleaseLintModelMetadata
> Task :react-native-gesture-handler:writeReleaseLintModelMetadata
> Task :react-native-svg:syncReleaseLibJars
> Task :react-native-svg:bundleReleaseLocalLintAar
> Task :app:checkReleaseDuplicateClasses
> Task :app:buildKotlinToolingMetadata
> Task :app:checkKotlinGradlePluginConfigurationErrors SKIPPED
> Task :app:generateReleaseBuildConfig
> Task :app:javaPreCompileRelease
> Task :app:desugarReleaseFileDependencies
> Task :app:mergeReleaseStartupProfile
> Task :react-native-screens:buildCMakeRelWithDebInfo[armeabi-v7a]
> Task :react-native-screens:configureCMakeRelWithDebInfo[x86]

> Task :expo-modules-core:compileReleaseJavaWithJavac
Note: Some input files use or override a deprecated API.
Note: Recompile with -Xlint:deprecation for details.

> Task :clerk_expo:lintVitalAnalyzeRelease
> Task :react-native-async-storage_async-storage:lintVitalAnalyzeRelease
> Task :react-native-keyboard-controller:lintVitalAnalyzeRelease
> Task :app:bundleReleaseResources
> Task :app:mergeExtDexRelease
> Task :react-native-screens:buildCMakeRelWithDebInfo[x86]
> Task :react-native-screens:configureCMakeRelWithDebInfo[x86_64]
> Task :react-native-svg:writeReleaseLintModelMetadata
> Task :react-native-keyboard-controller:writeReleaseLintModelMetadata
> Task :react-native-worklets:buildCMakeRelWithDebInfo[armeabi-v7a][worklets]
> Task :react-native-screens:buildCMakeRelWithDebInfo[x86_64]
> Task :react-native-screens:mergeReleaseJniLibFolders
> Task :react-native-safe-area-context:writeReleaseLintModelMetadata
> Task :react-native-screens:mergeReleaseNativeLibs
> Task :react-native-screens:prepareReleaseArtProfile
> Task :react-native-screens:createFullJarRelease
> Task :react-native-screens:extractProguardFiles
> Task :react-native-svg:lintVitalAnalyzeRelease
> Task :react-native-safe-area-context:lintVitalAnalyzeRelease
> Task :react-native-webview:lintVitalAnalyzeRelease
> Task :react-native-webview:writeReleaseLintModelMetadata
> Task :solana-mobile_mobile-wallet-adapter-protocol:lintVitalAnalyzeRelease
> Task :solana-mobile_mobile-wallet-adapter-protocol:writeReleaseLintModelMetadata UP-TO-DATE
> Task :clerk_expo:generateReleaseLintVitalModel UP-TO-DATE
> Task :react-native-async-storage_async-storage:generateReleaseLintVitalModel UP-TO-DATE
> Task :react-native-keyboard-controller:generateReleaseLintVitalModel UP-TO-DATE
> Task :react-native-safe-area-context:generateReleaseLintVitalModel UP-TO-DATE
> Task :react-native-svg:generateReleaseLintVitalModel UP-TO-DATE
> Task :react-native-webview:generateReleaseLintVitalModel UP-TO-DATE
> Task :solana-mobile_mobile-wallet-adapter-protocol:generateReleaseLintVitalModel UP-TO-DATE
> Task :react-native-screens:copyReleaseJniLibsProjectOnly
> Task :react-native-worklets:buildCMakeRelWithDebInfo[x86][worklets]
> Task :react-native-screens:generateReleaseLintModel
> Task :react-native-worklets:buildCMakeRelWithDebInfo[x86_64][worklets]
> Task :react-native-screens:extractDeepLinksForAarRelease UP-TO-DATE
> Task :react-native-screens:extractReleaseAnnotations UP-TO-DATE
> Task :react-native-screens:mergeReleaseGeneratedProguardFiles UP-TO-DATE
> Task :react-native-screens:mergeReleaseConsumerProguardFiles UP-TO-DATE
> Task :react-native-screens:mergeReleaseJavaResource
> Task :react-native-screens:syncReleaseLibJars
> Task :react-native-screens:prepareLintJarForPublish
> Task :react-native-screens:writeReleaseLintModelMetadata
> Task :react-native-screens:generateReleaseLintVitalModel
> Task :react-native-screens:stripReleaseDebugSymbols
> Task :react-native-screens:copyReleaseJniLibsProjectAndLocalJars
> Task :react-native-screens:bundleReleaseLocalLintAar
> Task :react-native-worklets:externalNativeBuildRelease
> Task :app:mergeReleaseShaders
> Task :app:compileReleaseShaders NO-SOURCE
> Task :app:generateReleaseAssets UP-TO-DATE
> Task :react-native-worklets:prefabReleasePackage
> Task :expo-modules-core:bundleLibCompileToJarRelease
> Task :react-native-worklets:mergeReleaseJniLibFolders
> Task :expo-modules-core:processReleaseJavaRes
> Task :app:mergeReleaseAssets
> Task :expo-modules-core:bundleLibRuntimeToJarRelease
> Task :react-native-worklets:mergeReleaseNativeLibs
> Task :react-native-worklets:copyReleaseJniLibsProjectOnly
> Task :expo-modules-core:configureCMakeRelWithDebInfo[armeabi-v7a]
> Task :expo-modules-core:bundleLibRuntimeToDirRelease
> Task :react-native-worklets:prepareReleaseArtProfile
> Task :react-native-worklets:createFullJarRelease
> Task :react-native-worklets:extractProguardFiles

> Task :expo-constants:compileReleaseKotlin
w: file:///Users/macbookm1/Desktop/priced-ug/node_modules/.pnpm/expo-constants@18.0.13_expo@54.0.35_react-native@0.81.5_@babel+core@7.29.0_@types+react@19.1.17_react@19.1.0_/node_modules/expo-constants/android/src/main/java/expo/modules/constants/ConstantsModule.kt:12:5 'fun Constants(legacyConstantsProvider: () -> Map<String, Any?>): Unit' is deprecated. Use `Constant` or `Property` instead.

> Task :app:configureCMakeRelWithDebInfo[arm64-v8a]
> Task :expo-constants:compileReleaseJavaWithJavac
> Task :expo-constants:bundleLibCompileToJarRelease
> Task :app:configureCMakeRelWithDebInfo[armeabi-v7a]
> Task :expo-constants:bundleLibRuntimeToDirRelease
> Task :expo-constants:bundleLibRuntimeToJarRelease
> Task :expo-constants:processReleaseJavaRes
> Task :expo-constants:createFullJarRelease
> Task :expo-constants:extractReleaseAnnotations
> Task :expo-constants:mergeReleaseGeneratedProguardFiles
> Task :expo-constants:mergeReleaseConsumerProguardFiles
> Task :react-native-worklets:generateReleaseLintModel
> Task :expo-constants:mergeReleaseJavaResource
> Task :react-native-worklets:prepareLintJarForPublish
> Task :expo-constants:syncReleaseLibJars
> Task :expo-constants:bundleReleaseLocalLintAar
> Task :react-native-worklets:extractDeepLinksForAarRelease
> Task :react-native-worklets:extractReleaseAnnotations
> Task :react-native-worklets:mergeReleaseGeneratedProguardFiles
> Task :react-native-worklets:stripReleaseDebugSymbols
> Task :react-native-worklets:mergeReleaseConsumerProguardFiles
> Task :react-native-screens:lintVitalAnalyzeRelease
> Task :react-native-worklets:mergeReleaseJavaResource
> Task :react-native-worklets:syncReleaseLibJars
> Task :react-native-worklets:writeReleaseLintModelMetadata
> Task :react-native-worklets:copyReleaseJniLibsProjectAndLocalJars
> Task :react-native-reanimated:buildCMakeRelWithDebInfo[arm64-v8a][reanimated]
> Task :expo-modules-core:buildCMakeRelWithDebInfo[armeabi-v7a]
> Task :expo:compileReleaseKotlin
> Task :app:configureCMakeRelWithDebInfo[x86]
> Task :react-native-worklets:lintVitalAnalyzeRelease
> Task :app:configureCMakeRelWithDebInfo[x86_64]
> Task :react-native-worklets:bundleReleaseLocalLintAar
> Task :app:mergeReleaseJniLibFolders
> Task :app:writeReleaseAppMetadata
> Task :react-native-worklets:generateReleaseLintVitalModel
> Task :app:collectReleaseDependencies
> Task :app:configureReleaseDependencies
> Task :app:extractProguardFiles
> Task :app:validateSigningRelease
> Task :app:parseReleaseIntegrityConfig

> Task :expo:compileReleaseKotlin
w: file:///Users/macbookm1/Desktop/priced-ug/node_modules/.pnpm/expo@54.0.35_@babel+core@7.29.0_@expo+metro-runtime@6.1.2_expo-router@6.0.24_react-nati_1c6fa8026af1b19ad2a5aacd4e91f6ed/node_modules/expo/android/src/main/java/expo/modules/ExpoModulesPackage.kt:34:16 This declaration overrides a deprecated member but is not marked as deprecated itself. Add the '@Deprecated' annotation or suppress the diagnostic.
w: file:///Users/macbookm1/Desktop/priced-ug/node_modules/.pnpm/expo@54.0.35_@babel+core@7.29.0_@expo+metro-runtime@6.1.2_expo-router@6.0.24_react-nati_1c6fa8026af1b19ad2a5aacd4e91f6ed/node_modules/expo/android/src/main/java/expo/modules/ExpoReactHostFactory.kt:8:8 'class ReactNativeHost : Any' is deprecated. Deprecated in Java.
w: file:///Users/macbookm1/Desktop/priced-ug/node_modules/.pnpm/expo@54.0.35_@babel+core@7.29.0_@expo+metro-runtime@6.1.2_expo-router@6.0.24_react-nati_1c6fa8026af1b19ad2a5aacd4e91f6ed/node_modules/expo/android/src/main/java/expo/modules/ExpoReactHostFactory.kt:80:22 'class ReactNativeHost : Any' is deprecated. Deprecated in Java.
w: file:///Users/macbookm1/Desktop/priced-ug/node_modules/.pnpm/expo@54.0.35_@babel+core@7.29.0_@expo+metro-runtime@6.1.2_expo-router@6.0.24_react-nati_1c6fa8026af1b19ad2a5aacd4e91f6ed/node_modules/expo/android/src/main/java/expo/modules/ReactActivityDelegateWrapper.kt:24:8 'class ReactNativeHost : Any' is deprecated. Deprecated in Java.
w: file:///Users/macbookm1/Desktop/priced-ug/node_modules/.pnpm/expo@54.0.35_@babel+core@7.29.0_@expo+metro-runtime@6.1.2_expo-router@6.0.24_react-nati_1c6fa8026af1b19ad2a5aacd4e91f6ed/node_modules/expo/android/src/main/java/expo/modules/ReactActivityDelegateWrapper.kt:58:33 'class ReactNativeHost : Any' is deprecated. Deprecated in Java.
w: file:///Users/macbookm1/Desktop/priced-ug/node_modules/.pnpm/expo@54.0.35_@babel+core@7.29.0_@expo+metro-runtime@6.1.2_expo-router@6.0.24_react-nati_1c6fa8026af1b19ad2a5aacd4e91f6ed/node_modules/expo/android/src/main/java/expo/modules/ReactActivityDelegateWrapper.kt:105:16 This declaration overrides a deprecated member but is not marked as deprecated itself. Add the '@Deprecated' annotation or suppress the diagnostic.
w: file:///Users/macbookm1/Desktop/priced-ug/node_modules/.pnpm/expo@54.0.35_@babel+core@7.29.0_@expo+metro-runtime@6.1.2_expo-router@6.0.24_react-nati_1c6fa8026af1b19ad2a5aacd4e91f6ed/node_modules/expo/android/src/main/java/expo/modules/ReactActivityDelegateWrapper.kt:105:38 'class ReactNativeHost : Any' is deprecated. Deprecated in Java.
w: file:///Users/macbookm1/Desktop/priced-ug/node_modules/.pnpm/expo@54.0.35_@babel+core@7.29.0_@expo+metro-runtime@6.1.2_expo-router@6.0.24_react-nati_1c6fa8026af1b19ad2a5aacd4e91f6ed/node_modules/expo/android/src/main/java/expo/modules/ReactActivityDelegateWrapper.kt:113:16 This declaration overrides a deprecated member but is not marked as deprecated itself. Add the '@Deprecated' annotation or suppress the diagnostic.
w: file:///Users/macbookm1/Desktop/priced-ug/node_modules/.pnpm/expo@54.0.35_@babel+core@7.29.0_@expo+metro-runtime@6.1.2_expo-router@6.0.24_react-nati_1c6fa8026af1b19ad2a5aacd4e91f6ed/node_modules/expo/android/src/main/java/expo/modules/ReactActivityDelegateWrapper.kt:114:21 'val reactInstanceManager: ReactInstanceManager' is deprecated. Deprecated in Java.
w: file:///Users/macbookm1/Desktop/priced-ug/node_modules/.pnpm/expo@54.0.35_@babel+core@7.29.0_@expo+metro-runtime@6.1.2_expo-router@6.0.24_react-nati_1c6fa8026af1b19ad2a5aacd4e91f6ed/node_modules/expo/android/src/main/java/expo/modules/ReactActivityDelegateWrapper.kt:168:36 'constructor(activity: Activity, reactNativeHost: ReactNativeHost?, appKey: String?, launchOptions: Bundle?, fabricEnabled: Boolean): ReactDelegate' is deprecated. Deprecated since 0.81.0, use one of the other constructors instead.
w: file:///Users/macbookm1/Desktop/priced-ug/node_modules/.pnpm/expo@54.0.35_@babel+core@7.29.0_@expo+metro-runtime@6.1.2_expo-router@6.0.24_react-nati_1c6fa8026af1b19ad2a5aacd4e91f6ed/node_modules/expo/android/src/main/java/expo/modules/ReactActivityDelegateWrapper.kt:279:77 'val reactInstanceManager: ReactInstanceManager' is deprecated. Deprecated in Java.
w: file:///Users/macbookm1/Desktop/priced-ug/node_modules/.pnpm/expo@54.0.35_@babel+core@7.29.0_@expo+metro-runtime@6.1.2_expo-router@6.0.24_react-nati_1c6fa8026af1b19ad2a5aacd4e91f6ed/node_modules/expo/android/src/main/java/expo/modules/ReactActivityDelegateWrapper.kt:282:22 'val reactInstanceManager: ReactInstanceManager' is deprecated. Deprecated in Java.
w: file:///Users/macbookm1/Desktop/priced-ug/node_modules/.pnpm/expo@54.0.35_@babel+core@7.29.0_@expo+metro-runtime@6.1.2_expo-router@6.0.24_react-nati_1c6fa8026af1b19ad2a5aacd4e91f6ed/node_modules/expo/android/src/main/java/expo/modules/ReactActivityDelegateWrapper.kt:286:54 'val reactInstanceManager: ReactInstanceManager' is deprecated. Deprecated in Java.
w: file:///Users/macbookm1/Desktop/priced-ug/node_modules/.pnpm/expo@54.0.35_@babel+core@7.29.0_@expo+metro-runtime@6.1.2_expo-router@6.0.24_react-nati_1c6fa8026af1b19ad2a5aacd4e91f6ed/node_modules/expo/android/src/main/java/expo/modules/ReactNativeHostWrapper.kt:6:8 'class ReactNativeHost : Any' is deprecated. Deprecated in Java.
w: file:///Users/macbookm1/Desktop/priced-ug/node_modules/.pnpm/expo@54.0.35_@babel+core@7.29.0_@expo+metro-runtime@6.1.2_expo-router@6.0.24_react-nati_1c6fa8026af1b19ad2a5aacd4e91f6ed/node_modules/expo/android/src/main/java/expo/modules/ReactNativeHostWrapper.kt:15:9 'class ReactNativeHost : Any' is deprecated. Deprecated in Java.
w: file:///Users/macbookm1/Desktop/priced-ug/node_modules/.pnpm/expo@54.0.35_@babel+core@7.29.0_@expo+metro-runtime@6.1.2_expo-router@6.0.24_react-nati_1c6fa8026af1b19ad2a5aacd4e91f6ed/node_modules/expo/android/src/main/java/expo/modules/ReactNativeHostWrapper.kt:47:60 'class ReactNativeHost : Any' is deprecated. Deprecated in Java.
w: file:///Users/macbookm1/Desktop/priced-ug/node_modules/.pnpm/expo@54.0.35_@babel+core@7.29.0_@expo+metro-runtime@6.1.2_expo-router@6.0.24_react-nati_1c6fa8026af1b19ad2a5aacd4e91f6ed/node_modules/expo/android/src/main/java/expo/modules/ReactNativeHostWrapperBase.kt:7:8 'class ReactNativeHost : Any' is deprecated. Deprecated in Java.
w: file:///Users/macbookm1/Desktop/priced-ug/node_modules/.pnpm/expo@54.0.35_@babel+core@7.29.0_@expo+metro-runtime@6.1.2_expo-router@6.0.24_react-nati_1c6fa8026af1b19ad2a5aacd4e91f6ed/node_modules/expo/android/src/main/java/expo/modules/ReactNativeHostWrapperBase.kt:16:23 'class ReactNativeHost : Any' is deprecated. Deprecated in Java.
w: file:///Users/macbookm1/Desktop/priced-ug/node_modules/.pnpm/expo@54.0.35_@babel+core@7.29.0_@expo+metro-runtime@6.1.2_expo-router@6.0.24_react-nati_1c6fa8026af1b19ad2a5aacd4e91f6ed/node_modules/expo/android/src/main/java/expo/modules/ReactNativeHostWrapperBase.kt:89:16 'class ReactNativeHost : Any' is deprecated. Deprecated in Java.
w: file:///Users/macbookm1/Desktop/priced-ug/node_modules/.pnpm/expo@54.0.35_@babel+core@7.29.0_@expo+metro-runtime@6.1.2_expo-router@6.0.24_react-nati_1c6fa8026af1b19ad2a5aacd4e91f6ed/node_modules/expo/android/src/main/java/expo/modules/ReactNativeHostWrapperBase.kt:101:38 'class ReactNativeHost : Any' is deprecated. Deprecated in Java.
w: file:///Users/macbookm1/Desktop/priced-ug/node_modules/.pnpm/expo@54.0.35_@babel+core@7.29.0_@expo+metro-runtime@6.1.2_expo-router@6.0.24_react-nati_1c6fa8026af1b19ad2a5aacd4e91f6ed/node_modules/expo/android/src/main/java/expo/modules/fetch/ExpoFetchModule.kt:30:39 'constructor(reactContext: ReactContext): ForwardingCookieHandler' is deprecated. Use the default constructor.
w: file:///Users/macbookm1/Desktop/priced-ug/node_modules/.pnpm/expo@54.0.35_@babel+core@7.29.0_@expo+metro-runtime@6.1.2_expo-router@6.0.24_react-nati_1c6fa8026af1b19ad2a5aacd4e91f6ed/node_modules/expo/android/src/main/java/expo/modules/fetch/NativeResponse.kt:42:16 This declaration overrides a deprecated member but is not marked as deprecated itself. Add the '@Deprecated' annotation or suppress the diagnostic.
w: file:///Users/macbookm1/Desktop/priced-ug/node_modules/.pnpm/expo@54.0.35_@babel+core@7.29.0_@expo+metro-runtime@6.1.2_expo-router@6.0.24_react-nati_1c6fa8026af1b19ad2a5aacd4e91f6ed/node_modules/expo/android/src/main/java/expo/modules/fetch/NativeResponse.kt:44:11 'fun deallocate(): Unit' is deprecated. Use sharedObjectDidRelease() instead.

> Task :expo:compileReleaseJavaWithJavac
> Task :expo:processReleaseJavaRes
> Task :expo:bundleLibCompileToJarRelease
> Task :expo:bundleLibRuntimeToJarRelease
> Task :expo:bundleLibRuntimeToDirRelease
> Task :expo:extractReleaseAnnotations
> Task :expo:createFullJarRelease
> Task :expo:mergeReleaseGeneratedProguardFiles
> Task :expo:mergeReleaseConsumerProguardFiles
> Task :expo:mergeReleaseJavaResource
> Task :expo:syncReleaseLibJars
> Task :expo:bundleReleaseLocalLintAar
> Task :expo-modules-core:configureCMakeRelWithDebInfo[x86]

> Task :app:compileReleaseKotlin
e: file:///Users/macbookm1/Desktop/priced-ug/artifacts/pricedug/android/app/src/main/java/com/pricedug/mobile/MainActivity.kt:12:21 Unresolved reference 'ReactActivityDelegateWrapper'.
e: file:///Users/macbookm1/Desktop/priced-ug/artifacts/pricedug/android/app/src/main/java/com/pricedug/mobile/MainActivity.kt:37:12 Unresolved reference 'ReactActivityDelegateWrapper'.
e: file:///Users/macbookm1/Desktop/priced-ug/artifacts/pricedug/android/app/src/main/java/com/pricedug/mobile/MainApplication.kt:16:21 Unresolved reference 'ApplicationLifecycleDispatcher'.
e: file:///Users/macbookm1/Desktop/priced-ug/artifacts/pricedug/android/app/src/main/java/com/pricedug/mobile/MainApplication.kt:17:21 Unresolved reference 'ReactNativeHostWrapper'.
e: file:///Users/macbookm1/Desktop/priced-ug/artifacts/pricedug/android/app/src/main/java/com/pricedug/mobile/MainApplication.kt:21:51 Unresolved reference 'ReactNativeHostWrapper'.
e: file:///Users/macbookm1/Desktop/priced-ug/artifacts/pricedug/android/app/src/main/java/com/pricedug/mobile/MainApplication.kt:39:13 Unresolved reference 'ReactNativeHostWrapper'.
e: file:///Users/macbookm1/Desktop/priced-ug/artifacts/pricedug/android/app/src/main/java/com/pricedug/mobile/MainApplication.kt:49:5 Unresolved reference 'ApplicationLifecycleDispatcher'.
e: file:///Users/macbookm1/Desktop/priced-ug/artifacts/pricedug/android/app/src/main/java/com/pricedug/mobile/MainApplication.kt:54:5 Unresolved reference 'ApplicationLifecycleDispatcher'.

> Task :app:compileReleaseKotlin FAILED
> Task :expo-modules-core:buildCMakeRelWithDebInfo[x86]
w: Detected multiple Kotlin daemon sessions at 

[Incubating] Problems report is available at: file:///Users/macbookm1/Desktop/priced-ug/artifacts/pricedug/android/build/reports/problems/problems-report.html

FAILURE: Build failed with an exception.

* What went wrong:
Execution failed for task ':app:compileReleaseKotlin'.
> A failure occurred while executing org.jetbrains.kotlin.compilerRunner.GradleCompilerRunnerWithWorkers$GradleKotlinCompilerWorkAction
   > Compilation error. See log for more details

* Try:
> Run with --stacktrace option to get the stack trace.
> Run with --info or --debug option to get more log output.
> Run with --scan to get full insights.
> Get more help at https://help.gradle.org.

Deprecated Gradle features were used in this build, making it incompatible with Gradle 9.0.

You can use '--warning-mode all' to show the individual deprecation warnings and determine if they come from your own scripts or plugins.

For more on this, please refer to https://docs.gradle.org/8.14.3/userguide/command_line_interface.html#sec:command_line_warnings in the Gradle documentation.

BUILD FAILED in 12m 14s
607 actionable tasks: 571 executed, 36 up-to-date
